experiment_id,method,kernel,target_id,backend,run_id,max_cycles,cycles_used,cycles_to_success,backend_test_attempts,terminal_reason,outcome_status,success,provider_schema_valid,compile_success,oracle_validation_status,host_execution_status,dataflow_simulation_status,target_compile_status,target_execution_status,oracle_validation_cases_run,host_execution_cases_run,dataflow_simulation_cases_run,target_execution_cases_run,offline_contract_met,all_three_requirements_met,validation_policy,correctness,amd_compile_valid,intel_cpu_equivalent,target_npu_correct,evidence_tier,reward,failure_category,end_to_end_seconds,provider_seconds,compiler_seconds,debug_seconds,evaluation_seconds,llm_calls,input_tokens,output_tokens,cached_input_tokens,reasoning_output_tokens,total_tokens,known_total_tokens,usage_complete,candidates,compile_attempts,debug_attempts,artifact_bytes,static_score,intel_cpu_p50_ms,intel_cpu_p95_ms,target_npu_p50_ms,target_npu_p95_ms,target_npu_warmups,target_npu_iterations,target_npu_throughput_per_second,repetition
20260917T023536Z,baseline,cuda_reduce_sum,amd_xdna2_npu2,amd_xdna2,3dba1c51fff04553927e22d8ba3161c4,10,1,1,1,solved,completed,True,True,True,passed,passed,passed,passed,blocked,12,12,12,0,True,False,offline-validated,True,True,,,2,0.55,,28.771722134999436,19.692393557998003,4.450660231002985,0,4.374828553998668,1,1956,888,0,0,2844,2844,True,1,1,0,678695,0.0,,,,,,,,1
20260917T023536Z,baseline,cuda_reduce_sum,intel_npu_4000,intel_openvino,74efa7753df744778407bf275cd8cace,10,3,3,3,solved,completed,True,True,True,passed,passed,not_requested,passed,blocked,12,12,0,0,True,False,offline-validated,True,,True,,2,0.55,,26.164900756997667,21.164594849000423,1.0607887049955025,0,3.875493315008498,3,4757,796,1760,0,5553,5553,True,3,3,2,372788,0.0,,,,,,,,1
20260917T023536Z,baseline,cuda_tiled_matmul,amd_xdna2_npu2,amd_xdna2,6399fad4570b4766a2f2a86ad07c8353,10,10,,10,cycle_budget_exhausted,failed,False,True,False,passed,blocked,blocked,failed,blocked,12,0,0,0,False,False,offline-validated,,False,,,0,0.0,source_compile,537.7435675230008,520.1889122459979,4.726815191010246,0,12.161054142994544,10,40645,16190,20096,0,56835,56835,True,10,10,9,216397,0.0,,,,,,,,1
20260917T023536Z,baseline,cuda_tiled_matmul,intel_npu_4000,intel_openvino,8ca4faad023c4384a1257b41c0fb3c23,10,1,1,1,solved,completed,True,True,True,passed,passed,not_requested,passed,blocked,12,12,0,0,True,False,offline-validated,True,,True,,2,0.55,,16.1469843340019,11.68847676599762,2.017512723999971,0,2.347724727998866,1,1079,318,288,0,1397,1397,True,1,1,0,434217,0.0,,,,,,,,1
20260917T023536Z,baseline,cuda_tiled_transpose,amd_xdna2_npu2,amd_xdna2,92b699081a67466eb9be141122f891b5,10,10,,10,cycle_budget_exhausted,failed,False,True,False,passed,failed,failed,failed,blocked,12,0,0,0,False,False,offline-validated,,False,,,0,0.0,target_compile,419.0567315670014,358.4866419509999,23.37785419802458,0,37.00552999298088,10,47393,11962,19392,0,59355,59355,True,10,10,9,619450,0.0,,,,,,,,1
20260917T023536Z,baseline,cuda_tiled_transpose,intel_npu_4000,intel_openvino,239f8e4889ab4cbba3bc22c946c3e54a,10,1,1,1,solved,completed,True,True,True,passed,passed,not_requested,passed,blocked,12,12,0,0,True,False,offline-validated,True,,True,,2,0.55,,9.982654569997976,6.752034414999798,1.1655790900003922,0,2.0226446070009843,1,933,230,288,0,1163,1163,True,1,1,0,741120,0.0,,,,,,,,1
20260917T023536Z,baseline,cuda_vector_add,amd_xdna2_npu2,amd_xdna2,7e41721485424b6d87854dc3250a623a,10,10,,10,cycle_budget_exhausted,failed,False,True,False,passed,failed,failed,failed,blocked,12,0,0,0,False,False,offline-validated,,False,,,0,0.0,target_compile,382.247902436,347.09301481599687,13.079690293991007,0,21.880483773002197,10,38232,12390,18272,0,50622,50622,True,10,10,9,420334,0.0,,,,,,,,1
20260917T023536Z,baseline,cuda_vector_add,intel_npu_4000,intel_openvino,87ecb74185d54cf8a9883c2aabb34983,10,1,1,1,solved,completed,True,True,True,passed,passed,not_requested,passed,blocked,12,12,0,0,True,False,offline-validated,True,,True,,2,0.55,,10.387539670999104,6.452855699997599,1.6320706079968659,0,2.203866920001019,1,912,211,0,0,1123,1123,True,1,1,0,719296,0.0,,,,,,,,1
20260917T023536Z,baseline,hip_gamma_correction,amd_xdna2_npu2,amd_xdna2,6107c2c0314f4846bbb0b75c8b776c97,10,10,,10,cycle_budget_exhausted,failed,False,True,True,passed,failed,failed,passed,blocked,12,0,0,0,False,False,offline-validated,,True,,,1,0.0,source_execution,332.6980998789986,278.77994528300405,19.97568015298748,0,33.76635243000783,10,32246,9639,18720,0,41885,41885,True,10,10,9,638985,0.0,,,,,,,,1
20260917T023536Z,baseline,hip_gamma_correction,intel_npu_4000,intel_openvino,6f2ef401502c40fbb385848afd0bdb2e,10,1,1,1,solved,completed,True,True,True,passed,passed,not_requested,passed,blocked,12,12,0,0,True,False,offline-validated,True,,True,,2,0.55,,12.28760075000173,8.194031229999382,1.6547992429950682,0,2.354047086002538,1,922,308,64,0,1230,1230,True,1,1,0,505774,0.0,,,,,,,,1
20260917T023536Z,baseline,hip_image_convolution,amd_xdna2_npu2,amd_xdna2,66cbad00bdfa4e69845f5437975d023b,10,10,,10,cycle_budget_exhausted,failed,False,True,True,passed,failed,failed,passed,blocked,12,0,0,0,False,False,offline-validated,,True,,,1,0.0,source_execution,423.0556016199989,352.4717471590084,26.84068469801423,0,43.48196965598618,10,36994,13584,22656,0,50578,50578,True,10,10,9,543609,0.0,,,,,,,,1
20260917T023536Z,baseline,hip_image_convolution,intel_npu_4000,intel_openvino,aa352c66a739429c9752f8037d6fe200,10,4,4,4,solved,completed,True,True,True,passed,passed,not_requested,passed,blocked,12,12,0,0,True,False,offline-validated,True,,True,,2,0.55,,72.5324516619985,66.15938414699485,1.3710354830000142,0,4.889790791999985,4,10792,1248,2848,0,12040,12040,True,4,4,3,262284,0.0,,,,,,,,1
20260917T023536Z,baseline,hip_moving_average,amd_xdna2_npu2,amd_xdna2,99d1ae3d51ef4643bf7fe57ea4ec805e,10,10,,10,cycle_budget_exhausted,failed,False,True,False,passed,blocked,blocked,failed,blocked,12,0,0,0,False,False,offline-validated,,False,,,0,0.0,source_compile,377.0016617830006,366.8386871350049,1.1392078629942262,0,8.297770060002222,10,36083,12552,19744,0,48635,48635,True,10,10,9,213850,0.0,,,,,,,,1
20260917T023536Z,baseline,hip_moving_average,intel_npu_4000,intel_openvino,da3f884231d84197b6269504983b7714,10,10,,10,cycle_budget_exhausted,failed,False,True,False,passed,blocked,not_requested,failed,blocked,12,0,0,0,False,False,offline-validated,,,,,0,0.0,source_compile,228.26391185900138,210.52057615100057,3.2170066890103044,0,14.330677214991738,10,20348,6314,6240,0,26662,26662,True,10,10,9,211855,0.0,,,,,,,,1
20260917T023536Z,baseline,triton_fused_attention,amd_xdna2_npu2,amd_xdna2,add94c0894bb487792365422985f8d09,10,10,,10,cycle_budget_exhausted,failed,False,True,False,passed,blocked,blocked,failed,blocked,12,0,0,0,False,False,offline-validated,,False,,,0,0.0,source_compile,273.1429639609996,263.6218785980127,1.0066337139978714,0,8.323493101008353,10,35370,9444,19136,0,44814,44814,True,10,10,9,95936,0.0,,,,,,,,1
20260917T023536Z,baseline,triton_fused_attention,intel_npu_4000,intel_openvino,8fd2dd5039fe45a8867edbcab322704a,10,3,3,3,solved,completed,True,True,True,passed,passed,not_requested,passed,blocked,12,12,0,0,True,False,offline-validated,True,,True,,2,0.55,,50.13746668599924,43.659586514000694,1.973606915995333,0,4.4286611690004065,3,5595,1605,352,0,7200,7200,True,3,3,2,386534,0.0,,,,,,,,1
20260917T023536Z,baseline,triton_fused_softmax,amd_xdna2_npu2,amd_xdna2,8f1234a5a0c54423bffefe4d3ee6beca,10,10,,10,cycle_budget_exhausted,failed,False,True,True,passed,failed,failed,passed,blocked,12,0,0,0,False,False,offline-validated,,True,,,1,0.0,source_execution,442.9144092099996,371.21799469300095,27.58419503899131,0,43.90629741700832,10,37724,12585,18336,0,50309,50309,True,10,10,9,692528,0.0,,,,,,,,1
20260917T023536Z,baseline,triton_fused_softmax,intel_npu_4000,intel_openvino,217bc11f52d447439db8aa31e10e5381,10,2,2,2,solved,completed,True,True,True,passed,passed,not_requested,passed,blocked,12,12,0,0,True,False,offline-validated,True,,True,,2,0.55,,34.23396380399936,29.210806642000534,1.8883710760019312,0,3.0680093779956223,2,2868,845,64,0,3713,3713,True,2,2,1,582038,0.0,,,,,,,,1
20260917T023536Z,baseline,triton_layer_norm,amd_xdna2_npu2,amd_xdna2,488aaa0e63314d84bb7e257c36f09442,10,10,,10,cycle_budget_exhausted,failed,False,True,False,passed,failed,failed,failed,blocked,12,0,0,0,False,False,offline-validated,,False,,,0,0.0,target_compile,626.1722457630021,555.3444124270063,27.089451853014907,0,43.455423175983015,10,53531,20330,18016,0,73861,73861,True,10,10,9,465679,0.0,,,,,,,,1
20260917T023536Z,baseline,triton_layer_norm,intel_npu_4000,intel_openvino,782ffaf0ffe549298a69ddde0af18048,10,10,,10,cycle_budget_exhausted,failed,False,True,True,passed,failed,not_requested,passed,blocked,12,12,0,0,False,False,offline-validated,False,,False,,2,0.0,numerical_mismatch,195.98544720599966,183.2676055329939,1.576030420997995,0,11.00012817699826,10,22660,6209,8992,0,28869,28869,True,10,10,9,490822,0.0,,,,,,,,1
20260917T023536Z,baseline_minimal,cuda_reduce_sum,amd_xdna2_npu2,amd_xdna2,3680ee4260144d1d8c5b5c935e1a651f,10,10,,10,cycle_budget_exhausted,failed,False,True,False,passed,blocked,blocked,failed,blocked,12,0,0,0,False,False,offline-validated,,False,,,0,0.0,source_compile,291.78992284500055,282.19107776300007,0.49232707997362013,0,8.93355989401607,10,25156,10722,10752,0,35878,35878,True,10,10,9,213404,0.0,,,,,,,,1
20260917T023536Z,baseline_minimal,cuda_reduce_sum,intel_npu_4000,intel_openvino,779e94ee5cf245e6bba4b3ac7259ba75,10,3,3,3,solved,completed,True,True,True,passed,passed,not_requested,passed,blocked,12,12,0,0,True,False,offline-validated,True,,True,,2,0.55,,32.50928303099863,26.363572992999252,1.9860983800062968,0,4.0784580019935674,3,4549,773,256,0,5322,5322,True,3,3,2,373013,0.0,,,,,,,,1
20260917T023536Z,baseline_minimal,cuda_tiled_matmul,amd_xdna2_npu2,amd_xdna2,b5590dcd8d7348b199ad066b8cebd77d,10,10,,10,cycle_budget_exhausted,failed,False,True,False,passed,blocked,blocked,failed,blocked,12,0,0,0,False,False,offline-validated,,False,,,0,0.0,malformed_report,467.6549570040006,458.7511785290044,0.48286074299176107,0,8.236966392007162,10,27817,16479,9824,0,44296,44296,True,10,10,9,215532,0.0,,,,,,,,1
20260917T023536Z,baseline_minimal,cuda_tiled_matmul,intel_npu_4000,intel_openvino,3a16804108424e86a30b8fceb70ae486,10,3,3,3,solved,completed,True,True,True,passed,passed,not_requested,passed,blocked,12,12,0,0,True,False,offline-validated,True,,True,,2,0.55,,39.33199219200105,30.88483907999762,2.630314625992469,0,5.746637146006833,3,6684,1003,768,0,7687,7687,True,3,3,2,434471,0.0,,,,,,,,1
20260917T023536Z,baseline_minimal,cuda_tiled_transpose,amd_xdna2_npu2,amd_xdna2,833724d1d7b54d66854a000e5d43c9ce,10,10,,10,cycle_budget_exhausted,failed,False,True,False,passed,blocked,blocked,failed,blocked,12,0,0,0,False,False,offline-validated,,False,,,0,0.0,source_compile,347.4705951219985,335.59064765299627,0.9514354259808897,0,8.615637375016377,10,25865,11949,10784,0,37814,37814,True,10,10,9,312857,0.0,,,,,,,,1
20260917T023536Z,baseline_minimal,cuda_tiled_transpose,intel_npu_4000,intel_openvino,9c9a5f2bafc9411c8beaa0d434b49112,10,7,7,7,solved,completed,True,True,True,passed,passed,not_requested,passed,blocked,12,12,0,0,True,False,offline-validated,True,,True,,2,0.55,,78.15384304799954,67.87326923900036,1.4363916800029983,0,8.688111693998508,7,13151,1478,3264,0,14629,14629,True,7,7,6,741281,0.0,,,,,,,,1
20260917T023536Z,baseline_minimal,cuda_vector_add,amd_xdna2_npu2,amd_xdna2,26ad449c49d7460f8ae76144efcd64ec,10,10,,10,cycle_budget_exhausted,failed,False,True,False,passed,blocked,blocked,failed,blocked,12,0,0,0,False,False,offline-validated,,False,,,0,0.0,source_compile,345.29653234799844,336.3595927860006,0.4980514880080591,0,8.273146621992055,10,22840,8771,12896,0,31611,31611,True,10,10,9,412097,0.0,,,,,,,,1
20260917T023536Z,baseline_minimal,cuda_vector_add,intel_npu_4000,intel_openvino,f0ec2852b5344c8c990db55348525fc2,10,2,2,2,solved,completed,True,True,True,passed,passed,not_requested,passed,blocked,12,12,0,0,True,False,offline-validated,True,,True,,2,0.55,,21.591354539999884,16.60684069200215,1.7003382760012755,0,3.209589441001299,2,4453,400,256,0,4853,4853,True,2,2,1,719451,0.0,,,,,,,,1
20260917T023536Z,baseline_minimal,hip_gamma_correction,amd_xdna2_npu2,amd_xdna2,0f09c6cd66874208bc25daf6a4bc109c,10,10,,10,cycle_budget_exhausted,failed,False,True,False,passed,blocked,blocked,failed,blocked,12,0,0,0,False,False,offline-validated,,False,,,0,0.0,source_compile,395.48455816299975,385.44812892599657,1.1362518590030959,0,8.461718056994869,10,24981,10970,10080,0,35951,35951,True,10,10,9,164303,0.0,,,,,,,,1
20260917T023536Z,baseline_minimal,hip_gamma_correction,intel_npu_4000,intel_openvino,c40276b930dd40bfb82acf6ff6af2811,10,1,1,1,solved,completed,True,True,True,passed,passed,not_requested,passed,blocked,12,12,0,0,True,False,offline-validated,True,,True,,2,0.55,,12.56487526500132,9.630207494999922,0.9124932079976134,0,1.9919886710013088,1,875,348,64,0,1223,1223,True,1,1,0,505995,0.0,,,,,,,,1
20260917T023536Z,baseline_minimal,hip_image_convolution,amd_xdna2_npu2,amd_xdna2,dc455e73ffff4a92903dd21e48917906,10,10,,10,cycle_budget_exhausted,failed,False,True,False,passed,blocked,blocked,failed,blocked,12,0,0,0,False,False,offline-validated,,False,,,0,0.0,source_compile,233.2507369390005,223.94288175999827,0.4941119100076321,0,8.645767600992258,10,23064,7576,6016,0,30640,30640,True,10,10,9,68441,0.0,,,,,,,,1
20260917T023536Z,baseline_minimal,hip_image_convolution,intel_npu_4000,intel_openvino,2630f4c2e55e43148e3d3d20763466c0,10,10,,10,cycle_budget_exhausted,failed,False,True,False,passed,blocked,not_requested,failed,blocked,12,0,0,0,False,False,offline-validated,,,,,0,0.0,source_compile,168.32820096299838,157.03527628999655,0.4635206980055955,0,10.685532143001183,10,18164,2952,8896,0,21116,21116,True,10,10,9,67018,0.0,,,,,,,,1
20260917T023536Z,baseline_minimal,hip_moving_average,amd_xdna2_npu2,amd_xdna2,051740ba516a4fb09cd815d54145c7cb,10,10,,9,cycle_budget_exhausted,failed,False,False,False,passed,blocked,blocked,failed,blocked,12,0,0,0,False,False,offline-validated,,False,,,0,0.0,source_compile,1077.2047441769973,1068.7982403540009,0.4305360520083923,0,7.786748006994458,10,61505,39793,7136,0,101298,101298,True,9,9,9,212339,0.0,,,,,,,,1
20260917T023536Z,baseline_minimal,hip_moving_average,intel_npu_4000,intel_openvino,81a1baaf50604243b1911f8ba6e9f4fd,10,10,,10,cycle_budget_exhausted,failed,False,True,False,passed,blocked,not_requested,failed,blocked,12,0,0,0,False,False,offline-validated,,,,,0,0.0,source_compile,219.90484561999983,208.79843165200145,0.4641891539977223,0,10.483550231001573,10,19980,4743,6336,0,24723,24723,True,10,10,9,213427,0.0,,,,,,,,1
20260917T023536Z,baseline_minimal,triton_fused_attention,amd_xdna2_npu2,amd_xdna2,ff477e08ae4b445592d194e97a28aed2,10,10,,10,cycle_budget_exhausted,failed,False,True,False,passed,blocked,blocked,failed,blocked,12,0,0,0,False,False,offline-validated,,False,,,0,0.0,source_compile,356.6845589500008,347.79329160899215,0.511920579981961,0,8.205709651017969,10,24975,8795,6304,0,33770,33770,True,10,10,9,95591,0.0,,,,,,,,1
20260917T023536Z,baseline_minimal,triton_fused_attention,intel_npu_4000,intel_openvino,f3cb1f33ad0c4bdaaa0b353088e09df9,10,10,,10,cycle_budget_exhausted,failed,False,True,False,passed,blocked,not_requested,failed,blocked,12,0,0,0,False,False,offline-validated,,,,,0,0.0,source_compile,161.3514516960022,150.24919835000037,0.8374998150211468,0,10.116813166980137,10,21556,5371,3968,0,26927,26927,True,10,10,9,95209,0.0,,,,,,,,1
20260917T023536Z,baseline_minimal,triton_fused_softmax,amd_xdna2_npu2,amd_xdna2,b49b4ca372704a86aac152997af8781d,10,10,,9,cycle_budget_exhausted,failed,False,False,False,passed,failed,failed,failed,blocked,12,0,0,0,False,False,offline-validated,,False,,,0,0.0,target_compile,1401.1890530499986,1381.3051303590037,6.562587889005954,0,13.131671908999124,10,57057,41317,4704,0,98374,98374,True,9,9,9,220957,0.0,,,,,,,,1
20260917T023536Z,baseline_minimal,triton_fused_softmax,intel_npu_4000,intel_openvino,107221af5fe84898850852fdf0268087,10,3,3,3,solved,completed,True,True,True,passed,passed,not_requested,passed,blocked,12,12,0,0,True,False,offline-validated,True,,True,,2,0.55,,40.06058569900051,34.449048150003364,1.3866601800109493,0,4.1421843729913235,3,6618,1265,128,0,7883,7883,True,3,3,2,580589,0.0,,,,,,,,1
20260917T023536Z,baseline_minimal,triton_layer_norm,amd_xdna2_npu2,amd_xdna2,2195a21d1dff44c8a402b7267dbf56a3,10,10,,10,cycle_budget_exhausted,failed,False,True,False,passed,blocked,blocked,failed,blocked,12,0,0,0,False,False,offline-validated,,False,,,0,0.0,source_compile,277.631033226,269.1099900189947,0.4966769399943587,0,7.860657277004066,10,25199,9471,8704,0,34670,34670,True,10,10,9,132770,0.0,,,,,,,,1
20260917T023536Z,baseline_minimal,triton_layer_norm,intel_npu_4000,intel_openvino,5517c74ae63745e8ac0fee99bf517838,10,10,,10,cycle_budget_exhausted,failed,False,True,True,passed,failed,not_requested,passed,blocked,12,12,0,0,False,False,offline-validated,False,,False,,2,0.0,numerical_mismatch,188.09894551699836,167.14402822999182,4.979473544986831,0,14.696947987013118,10,22581,5885,3936,0,28466,28466,True,10,10,9,557660,0.0,,,,,,,,1
20260917T023536Z,hinted_ir,cuda_reduce_sum,amd_xdna2_npu2,amd_xdna2,33e372993b8646029d812b9a0e3929a9,10,1,1,1,solved,completed,True,True,True,passed,passed,passed,passed,blocked,12,12,12,0,True,False,offline-validated,True,True,,,2,0.55,,30.807295108999824,22.383796367001196,3.1951064889944973,0,5.127622528005304,2,2489,918,2368,0,3407,3407,True,1,1,0,678629,0.0,,,,,,,,1
20260917T023536Z,hinted_ir,cuda_reduce_sum,intel_npu_4000,intel_openvino,2a44855f50c74d6eaa46945fd7db8bd5,10,1,,0,,,False,False,False,unknown,unknown,unknown,unknown,unknown,0,0,0,0,False,False,offline-validated,,,,,0,0.0,translation,904.165070625997,904.0725231719989,0.0,0,0,1,719,32768,32,0,33487,33487,True,0,0,0,0,0.0,,,,,,,,1
20260917T023536Z,hinted_ir,cuda_tiled_matmul,amd_xdna2_npu2,amd_xdna2,52aec69a69224683a524fbe7ef714b86,10,8,,7,,,False,True,False,passed,failed,failed,failed,blocked,12,0,0,0,False,False,offline-validated,,False,,,0,0.0,translation,459.4438306519987,416.4564981540025,16.11505958500493,0,26.53337267599636,16,65656,12232,7360,0,77888,77888,True,8,7,7,0,0.0,,,,,,,,1
20260917T023536Z,hinted_ir,cuda_tiled_matmul,intel_npu_4000,intel_openvino,dc99ad155889400ba385eba8c1be7863,10,3,3,3,solved,completed,True,True,True,passed,passed,not_requested,passed,blocked,12,12,0,0,True,False,offline-validated,True,,True,,2,0.55,,135.65281117799896,129.8339137539988,1.6119823270091729,0,4.1345436069932475,6,10604,1723,960,0,12327,12327,True,3,3,2,433315,0.0,,,,,,,,1
20260917T023536Z,hinted_ir,cuda_tiled_transpose,amd_xdna2_npu2,amd_xdna2,288cd5bbf4964c40969db477d5834b93,10,10,,10,cycle_budget_exhausted,failed,False,True,False,passed,blocked,blocked,failed,blocked,12,0,0,0,False,False,offline-validated,,False,,,0,0.0,source_compile,465.8508815339992,453.12474091799595,0.9072844810107199,0,10.726757647993509,20,60618,13217,21792,0,73835,73835,True,10,10,9,311518,0.0,,,,,,,,1
20260917T023536Z,hinted_ir,cuda_tiled_transpose,intel_npu_4000,intel_openvino,415de524890c4463b5213dc1bff1c256,10,1,,0,,,False,False,False,unknown,unknown,unknown,unknown,unknown,0,0,0,0,False,False,offline-validated,,,,,0,0.0,translation,913.1395532639981,913.1354467870005,0.0,0,0,1,677,32768,0,0,33445,33445,True,0,0,0,0,0.0,,,,,,,,1
20260917T023536Z,hinted_ir,cuda_vector_add,amd_xdna2_npu2,amd_xdna2,ee8d131c599e45c7babf026c67bd7719,10,9,,8,,,False,True,False,passed,failed,failed,failed,blocked,12,0,0,0,False,False,offline-validated,,False,,,0,0.0,translation,470.5171583379997,446.0422735910106,9.51178881299711,0,14.619049644999905,18,63683,15277,30016,0,78960,78960,True,9,8,8,0,0.0,,,,,,,,1
20260917T023536Z,hinted_ir,cuda_vector_add,intel_npu_4000,intel_openvino,e4a59751ff1d4b1d97d8bff150cccc8f,10,10,,10,cycle_budget_exhausted,failed,False,True,False,passed,blocked,not_requested,failed,blocked,12,0,0,0,False,False,offline-validated,,,,,0,0.0,source_compile,180.65120422600012,168.65214010099226,0.4620702970241837,0,11.294751550987712,20,31528,3961,9760,0,35489,35489,True,10,10,9,409811,0.0,,,,,,,,1
20260917T023536Z,hinted_ir,hip_gamma_correction,amd_xdna2_npu2,amd_xdna2,01100e5f27854386852a9ffcc2e1bea6,10,10,,10,cycle_budget_exhausted,failed,False,True,False,passed,failed,failed,failed,blocked,12,0,0,0,False,False,offline-validated,,False,,,0,0.0,target_compile,428.24716775900015,395.2458944209975,12.071474140993814,0,20.661219703004463,20,64822,13480,29600,0,78302,78302,True,10,10,9,170783,0.0,,,,,,,,1
20260917T023536Z,hinted_ir,hip_gamma_correction,intel_npu_4000,intel_openvino,155161b6e8ca4aae9fb6700eb6fdc010,10,1,1,1,solved,completed,True,True,True,passed,passed,not_requested,passed,blocked,12,12,0,0,True,False,offline-validated,True,,True,,2,0.55,,21.81718979099969,18.866506301998015,1.0110910039984446,0,1.9030204270020477,2,1610,503,0,0,2113,2113,True,1,1,0,505942,0.0,,,,,,,,1
20260917T023536Z,hinted_ir,hip_image_convolution,amd_xdna2_npu2,amd_xdna2,556e3969f7c343a2bd222551236cd2e7,10,1,,0,,,False,False,False,unknown,unknown,unknown,unknown,unknown,0,0,0,0,False,False,offline-validated,,False,,,0,0.0,translation,981.251115993,981.0956444709991,0.0,0,0,1,810,32768,32,0,33578,33578,True,0,0,0,0,0.0,,,,,,,,1
20260917T023536Z,hinted_ir,hip_image_convolution,intel_npu_4000,intel_openvino,ffcf3d579c124e0f98cd7f2902dfb896,10,2,2,2,solved,completed,True,True,True,passed,passed,not_requested,passed,blocked,12,12,0,0,True,False,offline-validated,True,,True,,2,0.55,,55.596054729998286,51.508892993999325,1.0672385199941345,0,2.961506002007809,4,6062,1185,1152,0,7247,7247,True,2,2,1,262298,0.0,,,,,,,,1
20260917T023536Z,hinted_ir,hip_moving_average,amd_xdna2_npu2,amd_xdna2,c622f85c73f34f579f1dfcdb5f49cd40,10,10,,10,cycle_budget_exhausted,failed,False,True,False,passed,failed,failed,failed,blocked,12,0,0,0,False,False,offline-validated,,False,,,0,0.0,target_compile,464.5013247429997,429.7460028620044,12.777781899003458,0,21.649914722995163,20,61414,11797,30688,0,73211,73211,True,10,10,9,219229,0.0,,,,,,,,1
20260917T023536Z,hinted_ir,hip_moving_average,intel_npu_4000,intel_openvino,6a5c9782950544cc8eb54e94dea0a5f4,10,10,,10,cycle_budget_exhausted,failed,False,True,False,passed,failed,not_requested,failed,blocked,12,0,0,0,False,False,offline-validated,,,,,0,0.0,source_execution,351.3660027440019,324.7004326759961,3.202431905996491,0,22.082310728004813,20,45450,10225,10400,0,55675,55675,True,10,10,9,20068478,0.0,,,,,,,,1
20260917T023536Z,hinted_ir,triton_fused_attention,amd_xdna2_npu2,amd_xdna2,b84c644728f8488c87e9568f1b8e9eee,10,10,,10,cycle_budget_exhausted,failed,False,True,False,passed,blocked,blocked,failed,blocked,12,0,0,0,False,False,offline-validated,,False,,,0,0.0,source_compile,495.8012740740014,485.8817889179809,1.090547420004441,0,8.557336347992532,20,71018,15637,32960,0,86655,86655,True,10,10,9,96928,0.0,,,,,,,,1
20260917T023536Z,hinted_ir,triton_fused_attention,intel_npu_4000,intel_openvino,7e5c627e3a5f4720b68ca9d5c8650040,10,4,4,4,solved,completed,True,True,True,passed,passed,not_requested,passed,blocked,12,12,0,0,True,False,offline-validated,True,,True,,2,0.55,,150.52276959400115,143.15089046700814,1.4008195020032872,0,5.869580612990831,8,15734,2768,4096,0,18502,18502,True,4,4,3,385787,0.0,,,,,,,,1
20260917T023536Z,hinted_ir,triton_fused_softmax,amd_xdna2_npu2,amd_xdna2,a64ef539e0ad43ac8bf47cf25253f941,10,10,,10,cycle_budget_exhausted,failed,False,True,True,passed,failed,failed,passed,blocked,12,0,0,0,False,False,offline-validated,,True,,,1,0.0,source_execution,644.4762194110008,579.6425339160014,23.713532249006676,0,40.844937720994494,20,69734,15110,24384,0,84844,84844,True,10,10,9,694760,0.0,,,,,,,,1
20260917T023536Z,hinted_ir,triton_fused_softmax,intel_npu_4000,intel_openvino,8804a47b31b349d0aaaa28f2547cff98,10,2,2,2,solved,completed,True,True,True,passed,passed,not_requested,passed,blocked,12,12,0,0,True,False,offline-validated,True,,True,,2,0.55,,42.88961936900159,38.01225109600273,1.2622472229850246,0,3.532844252011273,4,5634,1224,576,0,6858,6858,True,2,2,1,581309,0.0,,,,,,,,1
20260917T023536Z,hinted_ir,triton_layer_norm,amd_xdna2_npu2,amd_xdna2,009e23a5ce1a4f35a20931c18d9b4de0,10,10,,10,cycle_budget_exhausted,failed,False,True,False,passed,failed,failed,failed,blocked,12,0,0,0,False,False,offline-validated,,False,,,0,0.0,target_compile,630.6219901510012,564.7629952749958,24.453586716976133,0,41.0871303940221,20,84504,18211,31008,0,102715,102715,True,10,10,9,458515,0.0,,,,,,,,1
20260917T023536Z,hinted_ir,triton_layer_norm,intel_npu_4000,intel_openvino,fcd6e15734394ecfa3017cb90ca0e343,10,10,,10,cycle_budget_exhausted,failed,False,True,True,passed,failed,not_requested,passed,blocked,12,12,0,0,False,False,offline-validated,False,,False,,2,0.0,numerical_mismatch,350.32269271900077,333.38644515699343,3.6104827930030297,0,13.094370667000476,20,47882,9310,15264,0,57192,57192,True,10,10,9,548206,0.0,,,,,,,,1
20260917T023536Z,structured_ir,cuda_reduce_sum,amd_xdna2_npu2,amd_xdna2,a4ba674735914eacb2970a338d96bd7f,10,10,,10,cycle_budget_exhausted,failed,False,True,False,passed,blocked,blocked,failed,blocked,12,0,0,0,False,False,offline-validated,,False,,,0,0.0,source_compile,409.7088358330002,400.8340438530031,0.5147577840034501,0,8.164099005000025,11,51972,13106,22752,0,65078,65078,True,10,10,9,213851,0.0,,,,,,,,1
20260917T023536Z,structured_ir,cuda_reduce_sum,intel_npu_4000,intel_openvino,0e5ebd13753044b58e033b8ba679f2f7,10,5,5,5,solved,completed,True,True,True,passed,passed,not_requested,passed,blocked,12,12,0,0,True,False,offline-validated,True,,True,,2,0.55,,82.86187587200038,74.92043694300082,1.395027313996252,0,6.422421461003978,6,18368,2248,1984,0,20616,20616,True,5,5,4,372926,0.0,,,,,,,,1
20260917T023536Z,structured_ir,cuda_tiled_matmul,amd_xdna2_npu2,amd_xdna2,a76dcb56d05f442eb05931c6b551a3ed,10,10,,10,cycle_budget_exhausted,failed,False,True,False,passed,blocked,blocked,failed,blocked,12,0,0,0,False,False,offline-validated,,False,,,0,0.0,source_compile,465.6450317790004,456.5240592209957,0.9644782719769864,0,7.931725522023044,11,47140,15226,22784,0,62366,62366,True,10,10,9,215535,0.0,,,,,,,,1
20260917T023536Z,structured_ir,cuda_tiled_matmul,intel_npu_4000,intel_openvino,4ba96773025441ffa816c311f35add08,10,2,2,2,solved,completed,True,True,True,passed,passed,not_requested,passed,blocked,12,12,0,0,True,False,offline-validated,True,,True,,2,0.55,,32.187755268998444,27.39292663100423,1.1643364800038398,0,3.5602710919993115,3,5183,995,2144,0,6178,6178,True,2,2,1,433314,0.0,,,,,,,,1
20260917T023536Z,structured_ir,cuda_tiled_transpose,amd_xdna2_npu2,amd_xdna2,6b5d2c7b660247218416fd3a53e47d77,10,2,2,2,solved,completed,True,True,True,passed,passed,passed,passed,blocked,12,12,12,0,True,False,offline-validated,True,True,,,2,0.55,,102.60767636699893,94.37373933500203,2.4780923199978133,0,5.621377768002276,3,7759,2742,2656,0,10501,10501,True,2,2,1,1960887,0.0,,,,,,,,1
20260917T023536Z,structured_ir,cuda_tiled_transpose,intel_npu_4000,intel_openvino,e9350f9ad8354e2db3df037c3b4f6e0c,10,10,,10,cycle_budget_exhausted,failed,False,True,False,passed,blocked,not_requested,failed,blocked,12,0,0,0,False,False,offline-validated,,,,,0,0.0,source_compile,96.37324007400093,83.51863240400417,1.1740289780063904,0,11.33068330799506,11,24372,2532,6656,0,26904,26904,True,10,10,9,309086,0.0,,,,,,,,1
20260917T023536Z,structured_ir,cuda_vector_add,amd_xdna2_npu2,amd_xdna2,14db8012dcb541bfbdefbd2820cf9cf5,10,10,,10,cycle_budget_exhausted,failed,False,True,True,passed,failed,failed,passed,blocked,12,0,0,0,False,False,offline-validated,,True,,,1,0.0,source_execution,375.4631380659994,307.79372013700413,26.58879465600694,0,40.84960166098972,11,42440,9905,23328,0,52345,52345,True,10,10,9,836318,0.0,,,,,,,,1
20260917T023536Z,structured_ir,cuda_vector_add,intel_npu_4000,intel_openvino,20f0d1dae1204e53b04f3a929ba3f726,10,4,4,4,solved,completed,True,True,True,passed,passed,not_requested,passed,blocked,12,12,0,0,True,False,offline-validated,True,,True,,2,0.55,,54.963422221000656,48.384598139000445,1.2538722419958503,0,5.24504558800254,5,14627,1532,2304,0,16159,16159,True,4,4,3,719575,0.0,,,,,,,,1
20260917T023536Z,structured_ir,hip_gamma_correction,amd_xdna2_npu2,amd_xdna2,9f11c7ab5a7c473dadd52d5142cd32b0,10,10,,10,cycle_budget_exhausted,failed,False,True,True,passed,failed,failed,passed,blocked,12,0,0,0,False,False,offline-validated,,True,,,1,0.0,source_execution,491.4063809520012,424.3427201689992,25.576974573981715,0,41.25227610602087,11,45024,11687,22752,0,56711,56711,True,10,10,9,640232,0.0,,,,,,,,1
20260917T023536Z,structured_ir,hip_gamma_correction,intel_npu_4000,intel_openvino,28a48e01f37947f5b04e0d5ddcd1afae,10,3,3,3,solved,completed,True,True,True,passed,passed,not_requested,passed,blocked,12,12,0,0,True,False,offline-validated,True,,True,,2,0.55,,64.99106358499921,59.48086925100142,1.2104585619963473,0,4.184745204998762,4,12530,1646,960,0,14176,14176,True,3,3,2,506171,0.0,,,,,,,,1
20260917T023536Z,structured_ir,hip_image_convolution,amd_xdna2_npu2,amd_xdna2,63babec384bd4f1c8bed6aecfe415156,10,10,,10,cycle_budget_exhausted,failed,False,True,True,passed,failed,failed,passed,blocked,12,0,0,0,False,False,offline-validated,,True,,,1,0.0,source_execution,511.8643307179991,441.9560446010073,26.147808777979662,0,43.5079341470082,11,50719,14295,33376,0,65014,65014,True,10,10,9,544131,0.0,,,,,,,,1
20260917T023536Z,structured_ir,hip_image_convolution,intel_npu_4000,intel_openvino,7fd49e5cfa6d47a3aac77eef8ae2e446,10,3,3,3,solved,completed,True,True,True,passed,passed,not_requested,passed,blocked,12,12,0,0,True,False,offline-validated,True,,True,,2,0.55,,68.92304930200044,62.72207098700164,1.3069380199958687,0,4.786209911002516,4,11437,1694,608,0,13131,13131,True,3,3,2,262295,0.0,,,,,,,,1
20260917T023536Z,structured_ir,hip_moving_average,amd_xdna2_npu2,amd_xdna2,553572492b614d3583b22ea5bd902078,10,10,,10,cycle_budget_exhausted,failed,False,True,False,passed,failed,failed,failed,blocked,12,0,0,0,False,False,offline-validated,,False,,,0,0.0,target_compile,325.90546922499925,296.2996601090017,10.198587216014857,0,19.029118293994543,11,46415,10034,20000,0,56449,56449,True,10,10,9,219135,0.0,,,,,,,,1
20260917T023536Z,structured_ir,hip_moving_average,intel_npu_4000,intel_openvino,3f859cda5d9d4246b2918ee1227a4568,10,10,,10,cycle_budget_exhausted,failed,False,True,False,passed,blocked,not_requested,failed,blocked,12,0,0,0,False,False,offline-validated,,,,,0,0.0,source_compile,240.52019704000122,228.27709282199794,0.44092972099679173,0,11.067169029996876,11,46643,6093,12448,0,52736,52736,True,10,10,9,218412,0.0,,,,,,,,1
20260917T023536Z,structured_ir,triton_fused_attention,amd_xdna2_npu2,amd_xdna2,89446984688046d4a349450291968386,10,10,,10,cycle_budget_exhausted,failed,False,True,False,passed,failed,failed,failed,blocked,12,0,0,0,False,False,offline-validated,,False,,,0,0.0,target_compile,906.0082985470035,872.4875330679934,10.150777891012694,0,22.226663016990642,11,65972,29183,22464,0,95155,95155,True,10,10,9,464991,0.0,,,,,,,,1
20260917T023536Z,structured_ir,triton_fused_attention,intel_npu_4000,intel_openvino,98ba97cd24a846be9ec3eb2668576ee6,10,10,,10,cycle_budget_exhausted,failed,False,True,True,passed,failed,not_requested,passed,blocked,12,12,0,0,False,False,offline-validated,False,,False,,2,0.0,numerical_mismatch,194.77093659000093,166.821111148005,9.16156995199708,0,18.557871966004313,11,40132,4578,14368,0,44710,44710,True,10,10,9,447468,0.0,,,,,,,,1
20260917T023536Z,structured_ir,triton_fused_softmax,amd_xdna2_npu2,amd_xdna2,984f4018943b43c285858404692ffb8d,10,10,,9,cycle_budget_exhausted,failed,False,False,False,passed,blocked,blocked,failed,blocked,12,0,0,0,False,False,offline-validated,,False,,,0,0.0,source_compile,1241.4904898109999,1232.5935287829961,0.9935950580074859,0,7.645823438990192,12,114476,45522,20736,0,159998,159998,True,9,9,9,213868,0.0,,,,,,,,1
20260917T023536Z,structured_ir,triton_fused_softmax,intel_npu_4000,intel_openvino,ad588bb73b5b43e79041066cc265850e,10,3,3,3,solved,completed,True,True,True,passed,passed,not_requested,passed,blocked,12,12,0,0,True,False,offline-validated,True,,True,,2,0.55,,76.5679671910002,71.27355954299856,1.2643557119990874,0,3.9544906890041602,4,7554,1638,1664,0,9192,9192,True,3,3,2,582065,0.0,,,,,,,,1
20260917T023536Z,structured_ir,triton_layer_norm,amd_xdna2_npu2,amd_xdna2,c64668bfb7784d27b9c964c73073b7b0,10,10,,0,cycle_budget_exhausted,failed,False,False,False,unknown,unknown,unknown,unknown,unknown,0,0,0,0,False,False,offline-validated,,False,,,0,0.0,translation,723.5164357180001,723.381956540994,0.0,0,0,10,36305,24127,16736,0,60432,60432,True,0,0,0,0,0.0,,,,,,,,1
20260917T023536Z,structured_ir,triton_layer_norm,intel_npu_4000,intel_openvino,70e05a3072d84726afa79ed25d12f8c2,10,10,,0,cycle_budget_exhausted,failed,False,True,False,unknown,unknown,unknown,unknown,unknown,0,0,0,0,False,False,offline-validated,,,,,0,0.0,translation,212.8146796889996,212.66611605700382,0.0,0,0,10,20505,7417,9088,0,27922,27922,True,0,0,0,0,0.0,,,,,,,,1
