case_id,kernel,target,arm,original_status,rerun_status,selected_status,selected_success,original_known_tokens,rerun_known_tokens,all_attempts_known_tokens,original_report,selected_report
90ad131dfb260c253c26eed0,cuda_tiled_transpose,amd_xdna2_npu2,hinted_ir,blocked,failed,failed,False,56057,97167,153224,/home/justin/npu-playground/runs/case-study-v4-deepseek-pilot-retry1/cases/90ad131dfb260c253c26eed0/report.json,/home/justin/npu-playground/runs/case-study-v4-amd-interruption-rerun-retry1/cases/90ad131dfb260c253c26eed0/report.json
4b3e14c89a0b4c3514118c37,cuda_tiled_transpose,amd_xdna2_npu2,direct,blocked,blocked,blocked,False,0,50861,50861,/home/justin/npu-playground/runs/case-study-v4-deepseek-pilot-retry1/cases/4b3e14c89a0b4c3514118c37/report.json,/home/justin/npu-playground/runs/case-study-v4-amd-interruption-rerun-retry1/cases/4b3e14c89a0b4c3514118c37/report.json
8ddb012acb4526407fe6f664,cuda_tiled_transpose,amd_xdna2_npu2,structured_ir,failed,,failed,False,86392,0,86392,/home/justin/npu-playground/runs/case-study-v4-deepseek-pilot-retry1/cases/8ddb012acb4526407fe6f664/report.json,/home/justin/npu-playground/runs/case-study-v4-deepseek-pilot-retry1/cases/8ddb012acb4526407fe6f664/report.json
3cf80ea034a0f50733e36d52,triton_layer_norm,amd_xdna2_npu2,direct,failed,,failed,False,106794,0,106794,/home/justin/npu-playground/runs/case-study-v4-deepseek-pilot-retry1/cases/3cf80ea034a0f50733e36d52/report.json,/home/justin/npu-playground/runs/case-study-v4-deepseek-pilot-retry1/cases/3cf80ea034a0f50733e36d52/report.json
3ab2d65f53e94ea4e866cf5b,triton_layer_norm,amd_xdna2_npu2,structured_ir,failed,,failed,False,57899,0,57899,/home/justin/npu-playground/runs/case-study-v4-deepseek-pilot-retry1/cases/3ab2d65f53e94ea4e866cf5b/report.json,/home/justin/npu-playground/runs/case-study-v4-deepseek-pilot-retry1/cases/3ab2d65f53e94ea4e866cf5b/report.json
eec4bc016e74f08f5c7b48c9,triton_layer_norm,amd_xdna2_npu2,hinted_ir,failed,,failed,False,109716,0,109716,/home/justin/npu-playground/runs/case-study-v4-deepseek-pilot-retry1/cases/eec4bc016e74f08f5c7b48c9/report.json,/home/justin/npu-playground/runs/case-study-v4-deepseek-pilot-retry1/cases/eec4bc016e74f08f5c7b48c9/report.json
cdf9ca1768e04abd3b8125d5,cuda_vector_add,amd_xdna2_npu2,structured_ir,failed,,failed,False,79689,0,79689,/home/justin/npu-playground/runs/case-study-v4-deepseek-pilot-retry1/cases/cdf9ca1768e04abd3b8125d5/report.json,/home/justin/npu-playground/runs/case-study-v4-deepseek-pilot-retry1/cases/cdf9ca1768e04abd3b8125d5/report.json
1666138f0fe1e4b1c8cb130b,cuda_vector_add,amd_xdna2_npu2,direct,failed,,failed,False,87305,0,87305,/home/justin/npu-playground/runs/case-study-v4-deepseek-pilot-retry1/cases/1666138f0fe1e4b1c8cb130b/report.json,/home/justin/npu-playground/runs/case-study-v4-deepseek-pilot-retry1/cases/1666138f0fe1e4b1c8cb130b/report.json
d002d203290a8582b987f00e,cuda_vector_add,amd_xdna2_npu2,hinted_ir,failed,,failed,False,93340,0,93340,/home/justin/npu-playground/runs/case-study-v4-deepseek-pilot-retry1/cases/d002d203290a8582b987f00e/report.json,/home/justin/npu-playground/runs/case-study-v4-deepseek-pilot-retry1/cases/d002d203290a8582b987f00e/report.json
12798507a1c2f91b336242d2,cuda_vector_add,intel_npu_4000,hinted_ir,completed,,completed,True,32092,0,32092,/home/justin/npu-playground/runs/case-study-v4-deepseek-pilot-retry1/cases/12798507a1c2f91b336242d2/report.json,/home/justin/npu-playground/runs/case-study-v4-deepseek-pilot-retry1/cases/12798507a1c2f91b336242d2/report.json
4937db041ecd6764e2d6b57d,cuda_vector_add,intel_npu_4000,structured_ir,failed,,failed,False,51287,0,51287,/home/justin/npu-playground/runs/case-study-v4-deepseek-pilot-retry1/cases/4937db041ecd6764e2d6b57d/report.json,/home/justin/npu-playground/runs/case-study-v4-deepseek-pilot-retry1/cases/4937db041ecd6764e2d6b57d/report.json
e833a44e860e85526ff2112d,cuda_vector_add,intel_npu_4000,direct,completed,,completed,True,9048,0,9048,/home/justin/npu-playground/runs/case-study-v4-deepseek-pilot-retry1/cases/e833a44e860e85526ff2112d/report.json,/home/justin/npu-playground/runs/case-study-v4-deepseek-pilot-retry1/cases/e833a44e860e85526ff2112d/report.json
6301cf77bc62bf9f70415a36,cuda_tiled_transpose,intel_npu_4000,direct,completed,,completed,True,11231,0,11231,/home/justin/npu-playground/runs/case-study-v4-deepseek-pilot-retry1/cases/6301cf77bc62bf9f70415a36/report.json,/home/justin/npu-playground/runs/case-study-v4-deepseek-pilot-retry1/cases/6301cf77bc62bf9f70415a36/report.json
49ad67beae29c7c5b1484eaa,cuda_tiled_transpose,intel_npu_4000,hinted_ir,completed,,completed,True,22078,0,22078,/home/justin/npu-playground/runs/case-study-v4-deepseek-pilot-retry1/cases/49ad67beae29c7c5b1484eaa/report.json,/home/justin/npu-playground/runs/case-study-v4-deepseek-pilot-retry1/cases/49ad67beae29c7c5b1484eaa/report.json
399ace8dfda6ba0df0db1262,cuda_tiled_transpose,intel_npu_4000,structured_ir,completed,,completed,True,18716,0,18716,/home/justin/npu-playground/runs/case-study-v4-deepseek-pilot-retry1/cases/399ace8dfda6ba0df0db1262/report.json,/home/justin/npu-playground/runs/case-study-v4-deepseek-pilot-retry1/cases/399ace8dfda6ba0df0db1262/report.json
5c0221c34f9f6b5bca2e5333,triton_layer_norm,intel_npu_4000,hinted_ir,failed,,failed,False,49951,0,49951,/home/justin/npu-playground/runs/case-study-v4-deepseek-pilot-retry1/cases/5c0221c34f9f6b5bca2e5333/report.json,/home/justin/npu-playground/runs/case-study-v4-deepseek-pilot-retry1/cases/5c0221c34f9f6b5bca2e5333/report.json
e7df03cbaa94330f234130a7,triton_layer_norm,intel_npu_4000,direct,failed,,failed,False,47936,0,47936,/home/justin/npu-playground/runs/case-study-v4-deepseek-pilot-retry1/cases/e7df03cbaa94330f234130a7/report.json,/home/justin/npu-playground/runs/case-study-v4-deepseek-pilot-retry1/cases/e7df03cbaa94330f234130a7/report.json
3f7bdf199386fb0ee799ca55,triton_layer_norm,intel_npu_4000,structured_ir,failed,,failed,False,65314,0,65314,/home/justin/npu-playground/runs/case-study-v4-deepseek-pilot-retry1/cases/3f7bdf199386fb0ee799ca55/report.json,/home/justin/npu-playground/runs/case-study-v4-deepseek-pilot-retry1/cases/3f7bdf199386fb0ee799ca55/report.json
