id,kernel,family,target,arm,repetition,status,offline_pass,success,known_tokens,input_tokens,output_tokens,reasoning_tokens,cached_input_tokens,usage_complete,timing_complete,active_seconds,llm_calls,cycles,backend_attempts,semantic_failures,identical_backend_pairs,length_finishes,model_seconds
90ad131dfb260c253c26eed0,cuda_tiled_transpose,cuda_tiled_transpose,amd_xdna2_npu2,hinted_ir,1,failed,False,False,102215,42893,59322,41072,9856,True,True,1107.5668498399973,10,9,8,0,0,0,1081.3622677340027
4b3e14c89a0b4c3514118c37,cuda_tiled_transpose,cuda_tiled_transpose,amd_xdna2_npu2,direct,1,failed,False,False,104312,40666,63646,39980,5120,True,True,1189.542152831993,10,10,9,0,1,0,1168.114322110996
8ddb012acb4526407fe6f664,cuda_tiled_transpose,cuda_tiled_transpose,amd_xdna2_npu2,structured_ir,1,blocked,False,False,25161,,,,,False,True,310.1019538929977,4,3,2,0,0,0,305.6169482359983
3cf80ea034a0f50733e36d52,triton_layer_norm,triton_layer_norm,amd_xdna2_npu2,direct,1,pending,False,False,0,0,0,0,0,False,False,0.0,0,0,0,0,0,0,0.0
3ab2d65f53e94ea4e866cf5b,triton_layer_norm,triton_layer_norm,amd_xdna2_npu2,structured_ir,1,pending,False,False,0,0,0,0,0,False,False,0.0,0,0,0,0,0,0,0.0
eec4bc016e74f08f5c7b48c9,triton_layer_norm,triton_layer_norm,amd_xdna2_npu2,hinted_ir,1,pending,False,False,0,0,0,0,0,False,False,0.0,0,0,0,0,0,0,0.0
cdf9ca1768e04abd3b8125d5,cuda_vector_add,cuda_vector_add,amd_xdna2_npu2,structured_ir,1,pending,False,False,0,0,0,0,0,False,False,0.0,0,0,0,0,0,0,0.0
1666138f0fe1e4b1c8cb130b,cuda_vector_add,cuda_vector_add,amd_xdna2_npu2,direct,1,pending,False,False,0,0,0,0,0,False,False,0.0,0,0,0,0,0,0,0.0
d002d203290a8582b987f00e,cuda_vector_add,cuda_vector_add,amd_xdna2_npu2,hinted_ir,1,pending,False,False,0,0,0,0,0,False,False,0.0,0,0,0,0,0,0,0.0
12798507a1c2f91b336242d2,cuda_vector_add,cuda_vector_add,intel_npu_4000,hinted_ir,1,pending,False,False,0,0,0,0,0,False,False,0.0,0,0,0,0,0,0,0.0
4937db041ecd6764e2d6b57d,cuda_vector_add,cuda_vector_add,intel_npu_4000,structured_ir,1,pending,False,False,0,0,0,0,0,False,False,0.0,0,0,0,0,0,0,0.0
e833a44e860e85526ff2112d,cuda_vector_add,cuda_vector_add,intel_npu_4000,direct,1,pending,False,False,0,0,0,0,0,False,False,0.0,0,0,0,0,0,0,0.0
6301cf77bc62bf9f70415a36,cuda_tiled_transpose,cuda_tiled_transpose,intel_npu_4000,direct,1,pending,False,False,0,0,0,0,0,False,False,0.0,0,0,0,0,0,0,0.0
49ad67beae29c7c5b1484eaa,cuda_tiled_transpose,cuda_tiled_transpose,intel_npu_4000,hinted_ir,1,pending,False,False,0,0,0,0,0,False,False,0.0,0,0,0,0,0,0,0.0
399ace8dfda6ba0df0db1262,cuda_tiled_transpose,cuda_tiled_transpose,intel_npu_4000,structured_ir,1,pending,False,False,0,0,0,0,0,False,False,0.0,0,0,0,0,0,0,0.0
5c0221c34f9f6b5bca2e5333,triton_layer_norm,triton_layer_norm,intel_npu_4000,hinted_ir,1,pending,False,False,0,0,0,0,0,False,False,0.0,0,0,0,0,0,0,0.0
e7df03cbaa94330f234130a7,triton_layer_norm,triton_layer_norm,intel_npu_4000,direct,1,pending,False,False,0,0,0,0,0,False,False,0.0,0,0,0,0,0,0,0.0
3f7bdf199386fb0ee799ca55,triton_layer_norm,triton_layer_norm,intel_npu_4000,structured_ir,1,pending,False,False,0,0,0,0,0,False,False,0.0,0,0,0,0,0,0,0.0
