label,all_three_requirements_met,amd_compile_valid,artifact_bytes,backend,backend_test_attempts,cached_input_tokens,candidates,compile_attempts,compile_success,compiler_seconds,correctness,cycles_to_success,cycles_used,dataflow_simulation_cases_run,dataflow_simulation_status,debug_attempts,debug_seconds,end_to_end_seconds,evaluation_seconds,evidence_tier,experiment_id,failure_category,host_execution_cases_run,host_execution_status,input_tokens,intel_cpu_equivalent,intel_cpu_p50_ms,intel_cpu_p95_ms,kernel,known_total_tokens,llm_calls,max_cycles,method,offline_contract_met,oracle_validation_cases_run,oracle_validation_status,outcome_status,output_tokens,provider_schema_valid,provider_seconds,reasoning_output_tokens,reward,run_id,static_score,success,target_compile_status,target_execution_cases_run,target_execution_status,target_id,target_npu_correct,target_npu_iterations,target_npu_p50_ms,target_npu_p95_ms,target_npu_throughput_per_second,target_npu_warmups,terminal_reason,total_tokens,usage_complete,validation_policy
Frozen baseline,False,False,213798,amd_xdna2,10,58880,10,10,False,0.7506786830026613,,,10,0,blocked,9,0,521.5417303180002,5.971941618998244,0,20260910T234814Z,source_compile,0,blocked,134052,,,,cuda_reduce_sum,161197,10,10,baseline,False,12,passed,failed,27145,True,514.6494165559989,21013,0.0,37fb6d1e1c424ae0bb50312950f27992,0.0,False,failed,0,blocked,amd_xdna2_npu2,,,,,,,cycle_budget_exhausted,161197,True,offline-validated
Frozen baseline,False,,372264,intel_openvino,2,5888,2,2,True,1.188149641999189,True,2,2,0,not_requested,1,0,32.66680885799997,1.8519362730003195,2,20260910T234814Z,,12,passed,22465,True,,,cuda_reduce_sum,23789,2,10,baseline,True,12,passed,completed,1324,True,29.479211142000167,954,0.55,389d1c2b54704993b3ce87cd22b2f6ac,0.0,True,passed,0,blocked,intel_npu_4000,,,,,,,solved,23789,True,offline-validated
Frozen baseline,False,False,221269,amd_xdna2,10,52992,10,10,False,3.9950179599954936,,,10,0,unsupported,9,0,461.5902090159998,9.922242470002857,0,20260910T234814Z,target_compile,0,unsupported,140401,,,,cuda_tiled_matmul,163580,10,10,baseline,False,12,passed,failed,23179,True,447.5063156340011,13557,0.0,1ff7178e5b66458cae6d2227d618799e,0.0,False,failed,0,blocked,amd_xdna2_npu2,,,,,,,cycle_budget_exhausted,163580,True,offline-validated
Frozen baseline,False,,433641,intel_openvino,2,11776,2,2,True,1.0468139829990832,True,2,2,0,not_requested,1,0,25.60207574299966,2.2068915510008082,2,20260910T234814Z,,12,passed,22695,True,,,cuda_tiled_matmul,23654,2,10,baseline,True,12,passed,completed,959,True,22.248160803001156,455,0.55,8f6cf2d5a0f54566970e0a982de19ba7,0.0,True,passed,0,blocked,intel_npu_4000,,,,,,,solved,23654,True,offline-validated
Frozen baseline,False,False,310085,amd_xdna2,10,71936,10,10,False,0.705293619997974,,,10,0,blocked,9,0,721.2742797269993,6.2990332270028375,0,20260910T234814Z,source_compile,0,blocked,147117,,,,cuda_tiled_transpose,185331,10,10,baseline,False,12,passed,failed,38214,True,714.0498637369983,31898,0.0,a3d04e680bd1426282938e56f8787de8,0.0,False,failed,0,blocked,amd_xdna2_npu2,,,,,,,cycle_budget_exhausted,185331,True,offline-validated
Frozen baseline,False,,740563,intel_openvino,2,5888,2,2,True,1.926573462998931,True,2,2,0,not_requested,1,0,24.581616198999654,2.1207713870007865,2,20260910T234814Z,,12,passed,22365,True,,,cuda_tiled_transpose,23232,2,10,baseline,True,12,passed,completed,867,True,20.452098943000237,497,0.55,1c20b6ba3a5f4d1d93ff71baeb282041,0.0,True,passed,0,blocked,intel_npu_4000,,,,,,,solved,23232,True,offline-validated
Frozen baseline,False,False,411152,amd_xdna2,10,58880,10,10,False,0.7485784439995768,,,10,0,blocked,9,0,494.904844314,6.034232238000186,0,20260910T234814Z,source_compile,0,blocked,132214,,,,cuda_vector_add,157910,10,10,baseline,False,12,passed,failed,25696,True,487.7424943039996,19109,0.0,298fe04a59194e98987d468740993421,0.0,False,failed,0,blocked,amd_xdna2_npu2,,,,,,,cycle_budget_exhausted,157910,True,offline-validated
Frozen baseline,False,,718843,intel_openvino,2,11776,2,2,True,0.9014271189980718,True,2,2,0,not_requested,1,0,22.410597172000053,1.7571314050010187,2,20260910T234814Z,,12,passed,22267,True,,,cuda_vector_add,23106,2,10,baseline,True,12,passed,completed,839,True,19.57448260199999,487,0.55,ec6edfef819d4645ae1c2fb969baa501,0.0,True,passed,0,blocked,intel_npu_4000,,,,,,,solved,23106,True,offline-validated
Frozen baseline,False,False,164669,amd_xdna2,10,58880,10,10,False,0.7429352460012524,,,10,0,blocked,9,0,629.4763999760007,5.725864569997611,0,20260910T234814Z,source_compile,0,blocked,132998,,,,hip_gamma_correction,166067,10,10,baseline,False,12,passed,failed,33069,True,622.8590140979995,26174,0.0,b03a2ffb9fd348bd93d4bccb083af284,0.0,False,failed,0,blocked,amd_xdna2_npu2,,,,,,,cycle_budget_exhausted,166067,True,offline-validated
Frozen baseline,False,,505792,intel_openvino,1,5888,1,1,True,0.767123636001088,True,1,1,0,not_requested,0,0,47.91487469200001,1.3424609479989158,2,20260910T234814Z,,12,passed,9758,True,,,hip_gamma_correction,12173,1,10,baseline,True,12,passed,completed,2415,True,45.7739971230003,2006,0.55,9a7321ee624f4dc386ce058aee32433f,0.0,True,passed,0,blocked,intel_npu_4000,,,,,,,solved,12173,True,offline-validated
Frozen baseline,False,False,69171,amd_xdna2,10,58880,10,10,False,0.7142408729996532,,,10,0,blocked,9,0,647.2471126730006,5.916094664999946,0,20260910T234814Z,source_compile,0,blocked,138695,,,,hip_image_convolution,172820,10,10,baseline,False,12,passed,failed,34125,True,640.3233749179999,25423,0.0,95a80a976b7b488eb7d67a28871a917c,0.0,False,failed,0,blocked,amd_xdna2_npu2,,,,,,,cycle_budget_exhausted,172820,True,offline-validated
Frozen baseline,False,,261762,intel_openvino,2,11776,2,2,True,0.7017897569976412,True,2,2,0,not_requested,1,0,28.891539805999855,1.8017812750013036,2,20260910T234814Z,,12,passed,22697,True,,,hip_image_convolution,23800,2,10,baseline,True,12,passed,completed,1103,True,26.34288403699975,547,0.55,7ed862ab9e4940a1b3686fca9cb480fa,0.0,True,passed,0,blocked,intel_npu_4000,,,,,,,solved,23800,True,offline-validated
Frozen baseline,False,False,211996,amd_xdna2,10,58880,10,10,False,0.908541837001394,,,10,0,blocked,9,0,532.9637203029997,6.918992862000778,0,20260910T234814Z,source_compile,0,blocked,134040,,,,hip_moving_average,161744,10,10,baseline,False,12,passed,failed,27704,True,524.9670734439997,21398,0.0,b1e23c4c6b344dd9bf91478430a40cd7,0.0,False,failed,0,blocked,amd_xdna2_npu2,,,,,,,cycle_budget_exhausted,161744,True,offline-validated
Frozen baseline,False,,1222022,intel_openvino,1,5888,1,1,True,1.183324249001089,True,1,1,0,not_requested,0,0,52.98198799000056,1.420290192999346,2,20260910T234814Z,,12,passed,9760,True,,,hip_moving_average,12428,1,10,baseline,True,12,passed,completed,2668,True,50.34209525599999,2160,0.55,ea307768ae1140f698984401b1f24419,0.0,True,passed,0,blocked,intel_npu_4000,,,,,,,solved,12428,True,offline-validated
Frozen baseline,False,False,100891,amd_xdna2,10,73984,10,10,False,0.4904236909987958,,,10,0,blocked,9,0,850.5024226810001,6.0177516350022415,0,20260910T234814Z,source_compile,0,blocked,163727,,,,triton_fused_attention,209120,10,10,baseline,False,12,passed,failed,45393,True,843.8223535729985,25827,0.0,bb255b25cdce41ba9bfbc6b5d7f91550,0.0,False,failed,0,blocked,amd_xdna2_npu2,,,,,,,cycle_budget_exhausted,209120,True,offline-validated
Frozen baseline,False,,381187,intel_openvino,2,11776,2,2,True,0.8549947150013395,True,2,2,0,not_requested,1,0,35.68124323899974,1.8117162189982992,2,20260910T234814Z,,12,passed,22841,True,,,triton_fused_attention,24441,2,10,baseline,True,12,passed,completed,1600,True,32.96479938000084,972,0.55,e4731cc2bed041f09a386f2d48a2ac14,0.0,True,passed,0,blocked,intel_npu_4000,,,,,,,solved,24441,True,offline-validated
Frozen baseline,False,False,212276,amd_xdna2,10,58880,10,10,False,0.47903752400270605,,,10,0,blocked,9,0,641.919595589,5.678604544998052,0,20260910T234814Z,source_compile,0,blocked,135773,,,,triton_fused_softmax,169497,10,10,baseline,False,12,passed,failed,33724,True,634.4508393590004,26413,0.0,bd7fd354a7dc4b608ee2c08b851c316c,0.0,False,failed,0,blocked,amd_xdna2_npu2,,,,,,,cycle_budget_exhausted,169497,True,offline-validated
Frozen baseline,False,,579371,intel_openvino,1,5888,1,1,True,1.0828948750004201,True,1,1,0,not_requested,0,0,18.56804260900026,1.296397406998949,2,20260910T234814Z,,12,passed,9736,True,,,triton_fused_softmax,10513,1,10,baseline,True,12,passed,completed,777,True,16.141991804999634,516,0.55,0a670c7d61b54828927a9b5b40ed51b9,0.0,True,passed,0,blocked,intel_npu_4000,,,,,,,solved,10513,True,offline-validated
Frozen baseline,False,False,134113,amd_xdna2,10,58880,10,10,False,0.5512131699961174,,,10,0,blocked,9,0,613.7320521149995,6.000413959002799,0,20260910T234814Z,source_compile,0,blocked,139394,,,,triton_layer_norm,171721,10,10,baseline,False,12,passed,failed,32327,True,607.0013167649995,20979,0.0,eea4f617ba5e421fab015563e242e5d0,0.0,False,failed,0,blocked,amd_xdna2_npu2,,,,,,,cycle_budget_exhausted,171721,True,offline-validated
Frozen baseline,False,,130622,intel_openvino,10,58880,10,10,False,5.235103646996322,,,10,0,not_requested,9,0,295.75633868600016,10.192058883001664,0,20260910T234814Z,source_compile,0,blocked,141818,,,,triton_layer_norm,155888,10,10,baseline,False,12,passed,failed,14070,True,279.9889475429991,10140,0.0,118686058a0849f6be697de45a451ddc,0.0,False,failed,0,blocked,intel_npu_4000,,,,,,,cycle_budget_exhausted,155888,True,offline-validated
Original structured IR,False,False,213576,amd_xdna2,10,128000,10,10,False,0.7620640529958109,,,10,0,blocked,9,0,557.7177390329998,6.024404389002484,0,20260910T234814Z,source_compile,0,blocked,288394,,,,cuda_reduce_sum,315696,20,10,structured_ir,False,12,passed,failed,27302,True,550.2513621300022,18069,0.0,283067c89d6a4f57bd038021fa4c06cb,0.0,False,failed,0,blocked,amd_xdna2_npu2,,,,,,,cycle_budget_exhausted,315696,True,offline-validated
Original structured IR,False,,372586,intel_openvino,2,18688,2,2,True,1.1719942360014102,True,3,3,0,not_requested,2,0,72.93321160799951,2.25095911399967,2,20260910T234814Z,,12,passed,60205,True,,,cuda_reduce_sum,63400,5,10,structured_ir,True,12,passed,completed,3195,True,69.42221568800142,1838,0.55,fac22480cd9c42999bbbc94fef41952e,0.0,True,passed,0,blocked,intel_npu_4000,,,,,,,solved,63400,True,offline-validated
Original structured IR,False,False,214825,amd_xdna2,7,96512,7,7,False,0.5888115349989675,,,10,0,blocked,7,0,639.6073488750008,4.2343406530008,0,20260910T234814Z,source_compile,0,blocked,228891,,,,cuda_tiled_matmul,261646,17,10,structured_ir,False,12,passed,failed,32755,True,634.2503308990017,23738,0.0,d0c770c5b7784c719a8c6fda0fd8f92a,0.0,False,failed,0,blocked,amd_xdna2_npu2,,,,,,,cycle_budget_exhausted,261646,True,offline-validated
Original structured IR,False,,213057,intel_openvino,2,73984,2,2,False,0.3655073009986154,,,10,0,not_requested,2,0,284.5837940800002,1.135625508000885,0,20260910T234814Z,source_compile,0,blocked,140939,,,,cuda_tiled_matmul,154629,12,10,structured_ir,False,12,passed,failed,13690,True,282.89771814600044,8072,0.0,2bce2a50ed6f42a894bd036e24ab06cb,0.0,False,failed,0,blocked,intel_npu_4000,,,,,,,cycle_budget_exhausted,154629,True,offline-validated
Original structured IR,False,False,309956,amd_xdna2,10,115200,10,10,False,0.7761018259980119,,,10,0,blocked,9,0,607.5713139130003,6.357806248000998,0,20260910T234814Z,source_compile,0,blocked,283531,,,,cuda_tiled_transpose,313735,20,10,structured_ir,False,12,passed,failed,30204,True,599.5123654270019,21477,0.0,af4090ca3b6442aeb1582970eb24f38d,0.0,False,failed,0,blocked,amd_xdna2_npu2,,,,,,,cycle_budget_exhausted,313735,True,offline-validated
Original structured IR,False,,740923,intel_openvino,1,12800,1,1,True,0.9693190569996659,True,1,1,0,not_requested,0,0,34.255968376000055,1.2746699700001045,2,20260910T234814Z,,12,passed,20664,True,,,cuda_tiled_transpose,22058,2,10,structured_ir,True,12,passed,completed,1394,True,31.887489374000324,894,0.55,1fe4f7ed3e954346aeb11b38270e951a,0.0,True,passed,0,blocked,intel_npu_4000,,,,,,,solved,22058,True,offline-validated
Original structured IR,False,False,411786,amd_xdna2,10,128000,10,10,False,0.7363801259998581,,,10,0,blocked,9,0,635.7040260960002,5.965944317999856,0,20260910T234814Z,source_compile,0,blocked,291899,,,,cuda_vector_add,324008,20,10,structured_ir,False,12,passed,failed,32109,True,628.4146847869979,22580,0.0,628be4b0ced0464d9bc58aa902c90d3f,0.0,False,failed,0,blocked,amd_xdna2_npu2,,,,,,,cycle_budget_exhausted,324008,True,offline-validated
Original structured IR,False,,718951,intel_openvino,2,25600,2,2,True,0.8038116300003821,True,2,2,0,not_requested,1,0,48.91246293899985,1.8017922569997609,2,20260910T234814Z,,12,passed,48490,True,,,cuda_vector_add,50463,4,10,structured_ir,True,12,passed,completed,1973,True,46.16186466399904,983,0.55,d72bb46427bb4876979b15dab43cac31,0.0,True,passed,0,blocked,intel_npu_4000,,,,,,,solved,50463,True,offline-validated
Original structured IR,False,False,162898,amd_xdna2,5,84736,5,5,False,0.5216822200018214,,,10,0,blocked,5,0,652.1393184909994,3.348053982998863,0,20260910T234814Z,source_compile,0,blocked,191372,,,,hip_gamma_correction,225300,15,10,structured_ir,False,12,passed,failed,33928,True,648.0170532129996,23658,0.0,98e7a2e7b4e349729aaef54f62d5f75e,0.0,False,failed,0,blocked,amd_xdna2_npu2,,,,,,,cycle_budget_exhausted,225300,True,offline-validated
Original structured IR,False,,505829,intel_openvino,3,38400,3,3,True,0.7449557339987223,True,4,4,0,not_requested,2,0,144.35392776400022,2.828792062001412,2,20260910T234814Z,,12,passed,88967,True,,,hip_gamma_correction,95864,7,10,structured_ir,True,12,passed,completed,6897,True,140.65644844599956,3284,0.55,3cded55dd81e4436a63c5dc2d5c7c675,0.0,True,passed,0,blocked,intel_npu_4000,,,,,,,solved,95864,True,offline-validated
Original structured IR,False,False,69002,amd_xdna2,9,122112,9,9,False,0.7025484179994237,,,10,0,blocked,9,0,636.8319140949998,5.310945335000724,0,20260910T234814Z,source_compile,0,blocked,282866,,,,hip_image_convolution,314902,19,10,structured_ir,False,12,passed,failed,32036,True,630.1941266150006,20502,0.0,bcd3c4a7e79d4f15adbf1b332f7cf0e1,0.0,False,failed,0,blocked,amd_xdna2_npu2,,,,,,,cycle_budget_exhausted,314902,True,offline-validated
Original structured IR,False,,262301,intel_openvino,1,12800,1,1,True,0.6618167540009381,True,1,1,0,not_requested,0,0,46.23983802600014,1.5877217309989646,2,20260910T234814Z,,12,passed,21130,True,,,hip_image_convolution,23324,2,10,structured_ir,True,12,passed,completed,2194,True,43.925638728000195,1371,0.55,b3573b87a836415195872112709e7ac0,0.0,True,passed,0,blocked,intel_npu_4000,,,,,,,solved,23324,True,offline-validated
Original structured IR,False,False,214309,amd_xdna2,10,128000,10,10,False,0.7627315390027434,,,10,0,blocked,9,0,639.2060640600002,6.309647628998391,0,20260910T234814Z,source_compile,0,blocked,291755,,,,hip_moving_average,323989,20,10,structured_ir,False,12,passed,failed,32234,True,630.2637563500002,21773,0.0,c98f9ecec21b4df3a23a56d9d3ca0a3d,0.0,False,failed,0,blocked,amd_xdna2_npu2,,,,,,,cycle_budget_exhausted,323989,True,offline-validated
Original structured IR,False,,1235836,intel_openvino,2,25600,2,2,True,1.0898346269996182,True,2,2,0,not_requested,1,0,108.03442398399966,1.926197604000663,2,20260910T234814Z,,12,passed,48989,True,,,hip_moving_average,54279,4,10,structured_ir,True,12,passed,completed,5290,True,104.67330581700026,3859,0.55,4b3647ef93814b26b060eb9564c881c6,0.0,True,passed,0,blocked,intel_npu_4000,,,,,,,solved,54279,True,offline-validated
Original structured IR,False,False,97836,amd_xdna2,4,92672,4,4,False,0.18861376499899052,,,10,0,blocked,4,0,862.772497162,2.279588768001304,0,20260910T234814Z,source_compile,0,blocked,192665,,,,triton_fused_attention,238392,14,10,structured_ir,False,12,passed,failed,45727,True,860.005984450997,29595,0.0,36335805d645494699a0bd908de1e753,0.0,False,failed,0,blocked,amd_xdna2_npu2,,,,,,,cycle_budget_exhausted,238392,True,offline-validated
Original structured IR,False,,94246,intel_openvino,5,98560,5,5,False,0.5309922209999058,,,10,0,not_requested,5,0,587.9328993079998,2.9497810310003842,0,20260910T234814Z,source_compile,0,blocked,218660,,,,triton_fused_attention,248804,15,10,structured_ir,False,12,passed,failed,30144,True,584.0772792200014,11826,0.0,9dcedaa253334542bcee2770a380195c,0.0,False,failed,0,blocked,intel_npu_4000,,,,,,,cycle_budget_exhausted,248804,True,offline-validated
Original structured IR,False,False,212000,amd_xdna2,5,98560,5,5,False,0.2387126650010032,,,10,0,blocked,5,0,644.0218451549999,3.065167601998837,0,20260910T234814Z,source_compile,0,blocked,191783,,,,triton_fused_softmax,224955,15,10,structured_ir,False,12,passed,failed,33172,True,640.3677357890001,22353,0.0,89a2ad55fba345b3af3080c7a1966fc7,0.0,False,failed,0,blocked,amd_xdna2_npu2,,,,,,,cycle_budget_exhausted,224955,True,offline-validated
Original structured IR,False,,579454,intel_openvino,2,53248,2,2,True,0.8007437059986842,True,6,6,0,not_requested,2,0,166.50290759100062,1.8226460340010817,2,20260910T234814Z,,12,passed,96889,True,,,triton_fused_softmax,104930,8,10,structured_ir,True,12,passed,completed,8041,True,163.7346483170004,3099,0.55,4cac006c7d12430faa41260075c96c04,0.0,True,passed,0,blocked,intel_npu_4000,,,,,,,solved,104930,True,offline-validated
Original structured IR,False,False,149879,amd_xdna2,10,122112,10,10,False,4.854108681998696,,,10,0,unsupported,9,0,787.536220258,10.360418715001288,0,20260910T234814Z,target_compile,0,unsupported,312269,,,,triton_layer_norm,351891,20,10,structured_ir,False,12,passed,failed,39622,True,771.8367635470004,23953,0.0,9fc88e695f124301b25798c9daf748f7,0.0,False,failed,0,blocked,amd_xdna2_npu2,,,,,,,cycle_budget_exhausted,351891,True,offline-validated
Original structured IR,False,,487054,intel_openvino,7,110336,7,7,True,3.2415340310008105,False,,10,0,not_requested,6,0,582.871114128,6.831091611999,2,20260910T234814Z,numerical_mismatch,12,failed,249716,False,,,triton_layer_norm,279014,17,10,structured_ir,False,12,passed,failed,29298,True,572.3560920239988,18497,0.0,6b04846a6cbf4aa39abbb7d3b369b20e,0.0,False,passed,0,blocked,intel_npu_4000,,,,,,,cycle_budget_exhausted,279014,True,offline-validated
Frozen hinted IR,False,False,214784,amd_xdna2,10,105984,10,10,False,0.7639676230019177,,,10,0,blocked,9,0,941.9153602850001,5.963441477999368,0,20260910T234814Z,source_compile,0,blocked,284083,,,,cuda_reduce_sum,333001,20,10,hinted_ir,False,12,passed,failed,48918,True,934.6361536450013,33766,0.0,35c13b4843464229b5831a0aabc26cf2,0.0,False,failed,0,blocked,amd_xdna2_npu2,,,,,,,cycle_budget_exhausted,333001,True,offline-validated
Frozen hinted IR,False,,372190,intel_openvino,1,0,1,1,True,1.073505657998794,True,1,1,0,not_requested,0,0,40.084869074999915,1.3344664440010092,2,20260910T234814Z,,12,passed,19651,True,,,cuda_reduce_sum,21419,2,10,hinted_ir,True,12,passed,completed,1768,True,37.51072620799914,1031,0.55,5d8812d458924ab8b37e8ab5994b2043,0.0,True,passed,0,blocked,intel_npu_4000,,,,,,,solved,21419,True,offline-validated
Frozen hinted IR,False,False,215431,amd_xdna2,10,105984,10,10,False,0.744571658003224,,,10,0,blocked,9,0,760.4358887369999,5.461247013997308,0,20260910T234814Z,source_compile,0,blocked,279367,,,,cuda_tiled_matmul,318290,20,10,hinted_ir,False,12,passed,failed,38923,True,753.4922197330006,24912,0.0,8ea839df4e9e4e63a203d150aa2ebf7a,0.0,False,failed,0,blocked,amd_xdna2_npu2,,,,,,,cycle_budget_exhausted,318290,True,offline-validated
Frozen hinted IR,False,,433663,intel_openvino,2,17664,2,2,True,1.0487933960012015,True,2,2,0,not_requested,1,0,57.22810007000044,1.9545528009994086,2,20260910T234814Z,,12,passed,45892,True,,,cuda_tiled_matmul,48340,4,10,hinted_ir,True,12,passed,completed,2448,True,54.104737258999194,1030,0.55,fbf2bfb61297495f875fd89f4be9ec53,0.0,True,passed,0,blocked,intel_npu_4000,,,,,,,solved,48340,True,offline-validated
Frozen hinted IR,False,False,310472,amd_xdna2,10,111872,10,10,False,0.7273877960014943,,,10,0,blocked,9,0,747.2372922649993,5.861540682999475,0,20260910T234814Z,source_compile,0,blocked,273819,,,,cuda_tiled_transpose,311978,20,10,hinted_ir,False,12,passed,failed,38159,True,740.187010503002,27206,0.0,fa8e829f0c1140ecb75c9b5a8f826bff,0.0,False,failed,0,blocked,amd_xdna2_npu2,,,,,,,cycle_budget_exhausted,311978,True,offline-validated
Frozen hinted IR,False,,740596,intel_openvino,1,0,1,1,True,1.0160094459997708,True,1,1,0,not_requested,0,0,34.78333195200048,1.3866120410002623,2,20260910T234814Z,,12,passed,19335,True,,,cuda_tiled_transpose,20821,2,10,hinted_ir,True,12,passed,completed,1486,True,32.2945661950007,954,0.55,e096ed5d61fd4f5ba96916098ddd84f9,0.0,True,passed,0,blocked,intel_npu_4000,,,,,,,solved,20821,True,offline-validated
Frozen hinted IR,False,False,411241,amd_xdna2,10,111872,10,10,False,0.7483817860047566,,,10,0,blocked,9,0,764.8770617179998,5.820529347995944,0,20260910T234814Z,source_compile,0,blocked,273537,,,,cuda_vector_add,312189,20,10,hinted_ir,False,12,passed,failed,38652,True,758.081617437002,27515,0.0,8ac5084283a843f6877a3a33b683faf8,0.0,False,failed,0,blocked,amd_xdna2_npu2,,,,,,,cycle_budget_exhausted,312189,True,offline-validated
Frozen hinted IR,False,,718898,intel_openvino,1,11776,1,1,True,0.8596359590010252,True,1,1,0,not_requested,0,0,32.596128721999776,1.0842669879993991,2,20260910T234814Z,,12,passed,19300,True,,,cuda_vector_add,20736,2,10,hinted_ir,True,12,passed,completed,1436,True,30.617727684000783,995,0.55,1c964e5e9c8d4b4c92ab2e87548d6f16,0.0,True,passed,0,blocked,intel_npu_4000,,,,,,,solved,20736,True,offline-validated
Frozen hinted IR,False,False,163385,amd_xdna2,10,111872,10,10,False,0.7648699779983872,,,10,0,blocked,9,0,792.1634795569998,5.751925716001097,0,20260910T234814Z,source_compile,0,blocked,276285,,,,hip_gamma_correction,317131,20,10,hinted_ir,False,12,passed,failed,40846,True,785.4205424660013,29750,0.0,b1f947b6f80b4015b5e45cd00dcb1816,0.0,False,failed,0,blocked,amd_xdna2_npu2,,,,,,,cycle_budget_exhausted,317131,True,offline-validated
Frozen hinted IR,False,,505239,intel_openvino,1,5888,1,1,True,0.8148393679994115,True,1,1,0,not_requested,0,0,31.24362366999958,1.4913297910006804,2,20260910T234814Z,,12,passed,19402,True,,,hip_gamma_correction,20767,2,10,hinted_ir,True,12,passed,completed,1365,True,28.869198950998907,778,0.55,acc5ceaec6454c119c8a6a5c8f0154ca,0.0,True,passed,0,blocked,intel_npu_4000,,,,,,,solved,20767,True,offline-validated
Frozen hinted IR,False,False,70568,amd_xdna2,10,117760,10,10,False,0.818002040002284,,,10,0,blocked,9,0,811.7568163940005,5.875623843999165,0,20260910T234814Z,source_compile,0,blocked,284934,,,,hip_image_convolution,326845,20,10,hinted_ir,False,12,passed,failed,41911,True,804.7508394130009,27173,0.0,5a5fb0aba3d44acd84c868de8a4330d7,0.0,False,failed,0,blocked,amd_xdna2_npu2,,,,,,,cycle_budget_exhausted,326845,True,offline-validated
Frozen hinted IR,False,,262177,intel_openvino,2,23552,2,2,True,0.8047189560002153,True,2,2,0,not_requested,1,0,66.28553754099994,1.8016739550002967,2,20260910T234814Z,,12,passed,46192,True,,,hip_image_convolution,49182,4,10,hinted_ir,True,12,passed,completed,2990,True,63.628163529999256,1260,0.55,12e3b5c0c2d34073854ed1487c395779,0.0,True,passed,0,blocked,intel_npu_4000,,,,,,,solved,49182,True,offline-validated
Frozen hinted IR,False,False,214155,amd_xdna2,10,111872,10,10,False,0.4551226609992227,,,10,0,blocked,9,0,793.3208008219999,6.288850898999044,0,20260910T234814Z,source_compile,0,blocked,272363,,,,hip_moving_average,313174,20,10,hinted_ir,False,12,passed,failed,40811,True,786.190912414002,30281,0.0,dd7c35df9c8c4647b99d8e2b3cbcce45,0.0,False,failed,0,blocked,amd_xdna2_npu2,,,,,,,cycle_budget_exhausted,313174,True,offline-validated
Frozen hinted IR,False,,1228425,intel_openvino,1,11776,1,1,True,0.7654739129993686,True,1,1,0,not_requested,0,0,69.3280986360005,1.3716306980004447,2,20260910T234814Z,,12,passed,19423,True,,,hip_moving_average,22888,2,10,hinted_ir,True,12,passed,completed,3465,True,67.15436729700014,2520,0.55,8373a5719e09426bb1e3e8a8c50dfe4a,0.0,True,passed,0,blocked,intel_npu_4000,,,,,,,solved,22888,True,offline-validated
Frozen hinted IR,False,False,99775,amd_xdna2,10,123648,10,10,False,0.4895816559974264,,,10,0,blocked,9,0,1318.3613493740004,6.354214114001479,0,20260910T234814Z,source_compile,0,blocked,308404,,,,triton_fused_attention,378436,20,10,hinted_ir,False,12,passed,failed,70032,True,1311.1882127089993,50788,0.0,c004a5fc28eb460bb8154b7987756151,0.0,False,failed,0,blocked,amd_xdna2_npu2,,,,,,,cycle_budget_exhausted,378436,True,offline-validated
Frozen hinted IR,False,,385373,intel_openvino,2,23552,2,2,True,1.056198829001005,True,2,2,0,not_requested,1,0,116.8953459480008,1.9111630399993373,2,20260910T234814Z,,12,passed,47173,True,,,triton_fused_attention,52962,4,10,hinted_ir,True,12,passed,completed,5789,True,113.86912637200021,3599,0.55,26461beaacbb47d49affacc8caa50e29,0.0,True,passed,0,blocked,intel_npu_4000,,,,,,,solved,52962,True,offline-validated
Frozen hinted IR,False,False,212224,amd_xdna2,10,117760,10,10,False,0.4797649919973992,,,10,0,blocked,9,0,948.813358896,6.016911335002078,0,20260910T234814Z,source_compile,0,blocked,272973,,,,triton_fused_softmax,322361,20,10,hinted_ir,False,12,passed,failed,49388,True,941.955022015999,36358,0.0,fa2d62da0890496ba02864ea20e625db,0.0,False,failed,0,blocked,amd_xdna2_npu2,,,,,,,cycle_budget_exhausted,322361,True,offline-validated
Frozen hinted IR,False,,579798,intel_openvino,2,23552,2,2,True,0.8050918519984407,True,2,2,0,not_requested,1,0,77.92945385799976,1.8173413590011478,2,20260910T234814Z,,12,passed,46019,True,,,triton_fused_softmax,49420,4,10,hinted_ir,True,12,passed,completed,3401,True,75.25718486500045,1575,0.55,409ade947d9c4156b80ad08b2cf6cea3,0.0,True,passed,0,blocked,intel_npu_4000,,,,,,,solved,49420,True,offline-validated
Frozen hinted IR,False,False,135426,amd_xdna2,10,117760,10,10,False,0.4836834439975064,,,10,0,blocked,9,0,832.7724926199999,5.662423097000101,0,20260910T234814Z,source_compile,0,blocked,288273,,,,triton_layer_norm,331275,20,10,hinted_ir,False,12,passed,failed,43002,True,826.2518106910002,27022,0.0,3ef1ef0491794256b09d7609b2a9f08d,0.0,False,failed,0,blocked,amd_xdna2_npu2,,,,,,,cycle_budget_exhausted,331275,True,offline-validated
Frozen hinted IR,False,,545289,intel_openvino,10,117760,10,10,True,6.078370525997343,False,,10,0,not_requested,9,0,608.2453598450002,11.23631837800167,2,20260910T234814Z,numerical_mismatch,12,failed,297637,False,,,triton_layer_norm,327331,20,10,hinted_ir,False,12,passed,failed,29694,True,590.5757844720001,20279,0.0,4cca696fe86847e28828362c4959f89b,0.0,False,passed,0,blocked,intel_npu_4000,,,,,,,cycle_budget_exhausted,327331,True,offline-validated
IR revision 1,False,True,690465,amd_xdna2,1,6912,1,1,True,2.5755947659999947,True,1,1,12,passed,0,0,65.64633261200288,2.9225944819991128,2,20260911T032541Z,,12,passed,21967,,,,cuda_reduce_sum,24910,2,10,structured_ir,True,12,passed,completed,2943,True,60.02299133500128,1655,0.55,029e291aa009489b9b6f630f82175387,0.0,True,passed,0,blocked,amd_xdna2_npu2,,,,,,,solved,24910,True,offline-validated
IR revision 1,False,,372589,intel_openvino,1,5888,1,1,True,1.1491379740000411,True,1,1,0,not_requested,0,0,28.531873493000603,1.6395727990020532,2,20260911T032541Z,,12,passed,21186,True,,,cuda_reduce_sum,22264,2,10,structured_ir,True,12,passed,completed,1078,True,25.645017535996885,597,0.55,e60a9a6786904b5083d1fd47fd6330ed,0.0,True,passed,0,blocked,intel_npu_4000,,,,,,,solved,22264,True,offline-validated
IR revision 1,False,False,236270,amd_xdna2,10,108288,10,10,False,20.31624806200125,,,10,0,unsupported,9,0,1011.4137357069994,26.30042757800038,0,20260911T032541Z,target_compile,0,unsupported,423195,,,,cuda_tiled_matmul,473254,20,10,structured_ir,False,12,passed,failed,50059,True,964.2888929879919,29471,0.0,ca954f06b1e545579effdb7bfd55565e,0.0,False,failed,0,blocked,amd_xdna2_npu2,,,,,,,cycle_budget_exhausted,473254,True,offline-validated
IR revision 1,False,,434052,intel_openvino,1,12800,1,1,True,1.058008564006741,True,1,1,0,not_requested,0,0,30.00331743499919,1.5450028619961813,2,20260911T032541Z,,12,passed,21316,True,,,cuda_tiled_matmul,22515,2,10,structured_ir,True,12,passed,completed,1199,True,27.28753657100242,611,0.55,9c372fefdd554b1a9975f47ba2f49856,0.0,True,passed,0,blocked,intel_npu_4000,,,,,,,solved,22515,True,offline-validated
IR revision 1,False,True,1961835,amd_xdna2,3,25600,3,3,True,5.665812478015141,True,3,3,12,passed,2,0,237.3154232880006,5.973006741987774,2,20260911T032541Z,,12,passed,96701,,,,cuda_tiled_transpose,108363,6,10,structured_ir,True,12,passed,completed,11662,True,225.34753059699506,7329,0.55,da65c73eaa6c4b6186ac35623fb1335a,0.0,True,passed,0,blocked,amd_xdna2_npu2,,,,,,,solved,108363,True,offline-validated
IR revision 1,False,,740919,intel_openvino,1,5888,1,1,True,1.4419695520045934,True,1,1,0,not_requested,0,0,29.03757373299959,1.5328882439971494,2,20260911T032541Z,,12,passed,21064,True,,,cuda_tiled_transpose,22163,2,10,structured_ir,True,12,passed,completed,1099,True,25.950856455001485,652,0.55,63bfba5cd3f745778672d2b155d842db,0.0,True,passed,0,blocked,intel_npu_4000,,,,,,,solved,22163,True,offline-validated
IR revision 1,False,True,1775568,amd_xdna2,1,5888,1,1,True,2.379130965004151,True,1,1,12,passed,0,0,80.3613780409978,3.128475191995676,2,20260911T032541Z,,12,passed,22025,,,,cuda_vector_add,25872,2,10,structured_ir,True,12,passed,completed,3847,True,74.74581218800085,2221,0.55,f37a25f3128c430e8775bf134ba6fea7,0.0,True,passed,0,blocked,amd_xdna2_npu2,,,,,,,solved,25872,True,offline-validated
IR revision 1,False,,719226,intel_openvino,1,0,1,1,True,1.1413502559989865,True,1,1,0,not_requested,0,0,26.90232327999911,1.3373204119998263,2,20260911T032541Z,,12,passed,21194,True,,,cuda_vector_add,22256,2,10,structured_ir,True,12,passed,completed,1062,True,24.349590902998898,558,0.55,8890c0ed6aec49fa8120e3f742238a90,0.0,True,passed,0,blocked,intel_npu_4000,,,,,,,solved,22256,True,offline-validated
IR revision 1,False,True,1270194,amd_xdna2,2,18688,2,2,True,4.545766585004458,True,2,2,12,passed,1,0,205.28543981799885,3.830652944994654,2,20260911T032541Z,,12,passed,60162,,,,hip_gamma_correction,70454,4,10,structured_ir,True,12,passed,completed,10292,True,196.77476038700115,6045,0.55,5f8529ac8869413bba6a4bc0e3ea7463,0.0,True,passed,0,blocked,amd_xdna2_npu2,,,,,,,solved,70454,True,offline-validated
IR revision 1,False,,504745,intel_openvino,1,0,1,1,True,1.1533793850030634,True,1,1,0,not_requested,0,0,37.09159178099799,1.2913382669976272,2,20260911T032541Z,,12,passed,21250,True,,,hip_gamma_correction,22784,2,10,structured_ir,True,12,passed,completed,1534,True,34.565415848996054,881,0.55,abee82fd6b524bba9035757c6ec7d2a4,0.0,True,passed,0,blocked,intel_npu_4000,,,,,,,solved,22784,True,offline-validated
IR revision 1,False,True,804258,amd_xdna2,1,0,1,1,True,2.7080445310020878,True,1,1,12,passed,0,0,110.24821513899951,2.877724631995079,2,20260911T032541Z,,12,passed,22200,,,,hip_image_convolution,27717,2,10,structured_ir,True,12,passed,completed,5517,True,104.53000611799871,3584,0.55,a4b429a007b14fc79a6b0f0471fcc044,0.0,True,passed,0,blocked,amd_xdna2_npu2,,,,,,,solved,27717,True,offline-validated
IR revision 1,False,,262118,intel_openvino,1,5888,1,1,True,1.0860967009975866,True,1,1,0,not_requested,0,0,36.01300841899865,1.4926825720031047,2,20260911T032541Z,,12,passed,21472,True,,,hip_image_convolution,23019,2,10,structured_ir,True,12,passed,completed,1547,True,33.32129345099747,860,0.55,5f6d160cacfa4b50867e362cda8f8970,0.0,True,passed,0,blocked,intel_npu_4000,,,,,,,solved,23019,True,offline-validated
IR revision 1,False,True,1482539,amd_xdna2,1,0,1,1,True,2.7326390280031774,True,1,1,12,passed,0,0,86.02720851699996,3.5884846249973634,2,20260911T032541Z,,12,passed,21924,,,,hip_moving_average,26055,2,10,structured_ir,True,12,passed,completed,4131,True,79.4586772540024,2815,0.55,aa212b97216a453588a0bfb31cad44d4,0.0,True,passed,0,blocked,amd_xdna2_npu2,,,,,,,solved,26055,True,offline-validated
IR revision 1,False,,1236113,intel_openvino,1,6912,1,1,True,1.200224721997074,True,1,1,0,not_requested,0,0,44.26296329099932,1.3691483470029198,2,20260911T032541Z,,12,passed,21201,True,,,hip_moving_average,23193,2,10,structured_ir,True,12,passed,completed,1992,True,41.51692336000269,1262,0.55,4454deb3f88e42cb9abbd0a280fa0600,0.0,True,passed,0,blocked,intel_npu_4000,,,,,,,solved,23193,True,offline-validated
IR revision 1,False,True,1017251,amd_xdna2,10,115200,10,10,True,22.62178732501343,True,10,10,12,passed,9,0,1498.9167871399986,26.184419533990877,2,20260911T032541Z,,12,passed,423576,,,,triton_fused_attention,500615,20,10,structured_ir,True,12,passed,completed,77039,True,1448.8841336050027,44138,0.55,fc271352ea82498c8fd430f4cc2403fd,0.0,True,passed,0,blocked,amd_xdna2_npu2,,,,,,,solved,500615,True,offline-validated
IR revision 1,False,,384688,intel_openvino,1,5888,1,1,True,1.0557066109977313,True,1,1,0,not_requested,0,0,41.44226510600129,1.2419473850022769,2,20260911T032541Z,,12,passed,21647,True,,,triton_fused_attention,23530,2,10,structured_ir,True,12,passed,completed,1883,True,39.09493516200018,995,0.55,0290be0ae01949da942cb818d5b64d47,0.0,True,passed,0,blocked,intel_npu_4000,,,,,,,solved,23530,True,offline-validated
IR revision 1,False,True,1572010,amd_xdna2,2,25600,2,2,True,4.954289877994597,True,2,2,12,passed,1,0,172.6103525969993,6.71738847200686,2,20260911T032541Z,,12,passed,75206,,,,triton_fused_softmax,83426,4,10,structured_ir,True,12,passed,completed,8220,True,160.78412189299706,4222,0.55,0b4d516fc56248149d13e44dc39e10c3,0.0,True,passed,0,blocked,amd_xdna2_npu2,,,,,,,solved,83426,True,offline-validated
IR revision 1,False,,577412,intel_openvino,1,0,1,1,True,1.3110248550001415,True,1,1,0,not_requested,0,0,35.24864017599975,1.401393078998808,2,20260911T032541Z,,12,passed,21061,True,,,triton_fused_softmax,22491,2,10,structured_ir,True,12,passed,completed,1430,True,32.43757534500037,876,0.55,67ba7eac080a44b0ba2a72070fedc233,0.0,True,passed,0,blocked,intel_npu_4000,,,,,,,solved,22491,True,offline-validated
IR revision 1,False,True,1352111,amd_xdna2,6,69888,6,6,True,12.251918687994475,True,6,6,12,passed,5,0,643.2428626539986,17.095702742000867,2,20260911T032541Z,,12,passed,263206,,,,triton_layer_norm,295299,12,10,structured_ir,True,12,passed,completed,32093,True,613.5011510589975,17782,0.55,cdc3d2a81bac4bf7ae752acfdece8047,0.0,True,passed,0,blocked,amd_xdna2_npu2,,,,,,,solved,295299,True,offline-validated
IR revision 1,False,,489146,intel_openvino,6,90624,6,6,True,5.425432296993677,False,,10,0,not_requested,5,0,507.71101139700113,8.35469396800545,2,20260911T032541Z,numerical_mismatch,12,failed,276031,False,,,triton_layer_norm,300641,16,10,structured_ir,False,12,passed,failed,24610,True,493.35351574800006,13993,0.0,185775b8903e49ebadf6425890ed7621,0.0,False,passed,0,blocked,intel_npu_4000,,,,,,,cycle_budget_exhausted,300641,True,offline-validated
IR revision 2,False,True,690570,amd_xdna2,2,11776,2,2,True,4.992683694992593,True,2,2,12,passed,1,0,127.06707989600181,4.508502064007189,2,20260911T034836Z,,12,passed,35011,,,,cuda_reduce_sum,41138,3,10,structured_ir,True,12,passed,completed,6127,True,117.41456958799608,3779,0.55,872b41523ce04506bbf9f78a75e41af7,0.0,True,passed,0,blocked,amd_xdna2_npu2,,,,,,,solved,41138,True,offline-validated
IR revision 2,False,,372855,intel_openvino,1,5888,1,1,True,1.3528304290011874,True,1,1,0,not_requested,0,0,31.306738595998468,2.086377077997895,2,20260911T034836Z,,12,passed,21313,True,,,cuda_reduce_sum,22544,2,10,structured_ir,True,12,passed,completed,1231,True,27.764124519999314,741,0.55,872eb505dc3f4752b58dbc29994879b0,0.0,True,passed,0,blocked,intel_npu_4000,,,,,,,solved,22544,True,offline-validated
IR revision 2,False,True,1137812,amd_xdna2,2,5888,2,2,True,3.320853855006135,True,2,2,12,passed,1,0,151.50634589299807,4.410275502996228,2,20260911T034836Z,,12,passed,36556,,,,cuda_tiled_matmul,44132,3,10,structured_ir,True,12,passed,completed,7576,True,143.63761057100055,4299,0.55,b0a517ab2b084d4c876a103778df175f,0.0,True,passed,0,blocked,amd_xdna2_npu2,,,,,,,solved,44132,True,offline-validated
IR revision 2,False,,434247,intel_openvino,1,6912,1,1,True,1.111868311993021,True,1,1,0,not_requested,0,0,33.67923044800045,1.3894346870038135,2,20260911T034836Z,,12,passed,21454,True,,,cuda_tiled_matmul,22860,2,10,structured_ir,True,12,passed,completed,1406,True,31.08625906999805,832,0.55,948c7f41eaec4056a178000f46f86987,0.0,True,passed,0,blocked,intel_npu_4000,,,,,,,solved,22860,True,offline-validated
IR revision 2,False,True,2007814,amd_xdna2,2,11776,2,2,True,4.620683567001834,True,2,2,12,passed,1,0,164.09686092600168,4.474135876000219,2,20260911T034836Z,,12,passed,37010,,,,cuda_tiled_transpose,45048,3,10,structured_ir,True,12,passed,completed,8038,True,154.84392166200269,4905,0.55,314c6934d5b54106b80797cadfc06e34,0.0,True,passed,0,blocked,amd_xdna2_npu2,,,,,,,solved,45048,True,offline-validated
IR revision 2,False,,741189,intel_openvino,1,5888,1,1,True,1.2383855949992721,True,1,1,0,not_requested,0,0,26.8790192330016,1.4237832020007772,2,20260911T034836Z,,12,passed,21134,True,,,cuda_tiled_transpose,22181,2,10,structured_ir,True,12,passed,completed,1047,True,24.111526501998014,625,0.55,6bcd58a0b4294e6389cd4d380b379f6d,0.0,True,passed,0,blocked,intel_npu_4000,,,,,,,solved,22181,True,offline-validated
IR revision 2,False,True,1772652,amd_xdna2,2,18688,2,2,True,3.600307111009897,True,2,2,12,passed,1,0,119.64890327000103,4.955985909993615,2,20260911T034836Z,,12,passed,36014,,,,cuda_vector_add,41771,3,10,structured_ir,True,12,passed,completed,5757,True,110.81596265500411,2872,0.55,acf9b142079b4ffcb668291b8d10135f,0.0,True,passed,0,blocked,amd_xdna2_npu2,,,,,,,solved,41771,True,offline-validated
IR revision 2,False,,719582,intel_openvino,1,5888,1,1,True,1.3208234479934617,True,1,1,0,not_requested,0,0,30.365733476999594,1.5428683800055296,2,20260911T034836Z,,12,passed,21330,True,,,cuda_vector_add,22519,2,10,structured_ir,True,12,passed,completed,1189,True,27.26683842500279,642,0.55,d1f79e8e78814d99a09fba82056b3a18,0.0,True,passed,0,blocked,intel_npu_4000,,,,,,,solved,22519,True,offline-validated
IR revision 2,False,True,1327652,amd_xdna2,1,5888,1,1,True,2.7587591920018895,True,1,1,12,passed,0,0,72.4543465759998,3.0010444529980305,2,20260911T034836Z,,12,passed,22273,,,,hip_gamma_correction,25665,2,10,structured_ir,True,12,passed,completed,3392,True,66.48815174300034,2031,0.55,a5ae85d171904521969276d2ed818561,0.0,True,passed,0,blocked,amd_xdna2_npu2,,,,,,,solved,25665,True,offline-validated
IR revision 2,False,,505815,intel_openvino,2,11776,2,2,True,1.287183026997809,True,2,2,0,not_requested,1,0,42.11387388600269,2.113833521001652,2,20260911T034836Z,,12,passed,32843,True,,,hip_gamma_correction,34547,3,10,structured_ir,True,12,passed,completed,1704,True,38.604557247999765,900,0.55,f525f03f4a7549ae859dd4106d9c142d,0.0,True,passed,0,blocked,intel_npu_4000,,,,,,,solved,34547,True,offline-validated
IR revision 2,False,True,802192,amd_xdna2,1,12800,1,1,True,2.439929789998132,True,1,1,12,passed,0,0,116.16596528299851,3.2240129230012826,2,20260911T034836Z,,12,passed,22535,,,,hip_image_convolution,28356,2,10,structured_ir,True,12,passed,completed,5821,True,110.37827914899754,3920,0.55,2279e628000549fbba2bea17a12ed409,0.0,True,passed,0,blocked,amd_xdna2_npu2,,,,,,,solved,28356,True,offline-validated
IR revision 2,False,,262353,intel_openvino,1,12800,1,1,True,1.1151288949986338,True,1,1,0,not_requested,0,0,33.108438439001475,1.6363323479999963,2,20260911T034836Z,,12,passed,21576,True,,,hip_image_convolution,22948,2,10,structured_ir,True,12,passed,completed,1372,True,30.263144586995622,702,0.55,0c30ed94e6a74e43945161b3e9b98269,0.0,True,passed,0,blocked,intel_npu_4000,,,,,,,solved,22948,True,offline-validated
IR revision 2,False,True,1483634,amd_xdna2,5,23552,5,5,True,8.62416328499603,True,5,5,12,passed,4,0,332.95014042599723,8.228445217999251,2,20260911T034836Z,,12,passed,76326,,,,hip_moving_average,93038,6,10,structured_ir,True,12,passed,completed,16712,True,315.6176909559981,10514,0.55,4e2975e369e14457a5b8f8ac8f590389,0.0,True,passed,0,blocked,amd_xdna2_npu2,,,,,,,solved,93038,True,offline-validated
IR revision 2,False,,1122629,intel_openvino,1,5888,1,1,True,1.1987942720006686,True,1,1,0,not_requested,0,0,74.90563521700096,1.5277782890007074,2,20260911T034836Z,,12,passed,21319,True,,,hip_moving_average,25042,2,10,structured_ir,True,12,passed,completed,3723,True,72.00650882799891,2964,0.55,7961ecdbf1864f5c893d30db96e71020,0.0,True,passed,0,blocked,intel_npu_4000,,,,,,,solved,25042,True,offline-validated
IR revision 2,False,True,963987,amd_xdna2,6,35328,6,6,True,11.951157949992194,True,6,6,12,passed,5,0,550.8338805120002,14.966515953012276,2,20260911T034836Z,,12,passed,98560,,,,triton_fused_attention,126527,7,10,structured_ir,True,12,passed,completed,27967,True,523.6735617529994,14295,0.55,8c46b368c93c49809c85c767cd1bd1ca,0.0,True,passed,0,blocked,amd_xdna2_npu2,,,,,,,solved,126527,True,offline-validated
IR revision 2,False,,385893,intel_openvino,1,5888,1,1,True,1.1650052040022274,True,1,1,0,not_requested,0,0,64.23230568000145,1.5928261689987266,2,20260911T034836Z,,12,passed,21801,True,,,triton_fused_attention,24840,2,10,structured_ir,True,12,passed,completed,3039,True,61.407582095998805,2140,0.55,a0c2b1c4f2fe4d079d4d71d67b0a6a85,0.0,True,passed,0,blocked,intel_npu_4000,,,,,,,solved,24840,True,offline-validated
IR revision 2,False,True,1577694,amd_xdna2,1,12800,1,1,True,2.397468169001513,True,1,1,12,passed,0,0,82.49826575100087,3.1977709239981778,2,20260911T034836Z,,12,passed,22164,,,,triton_fused_softmax,26121,2,10,structured_ir,True,12,passed,completed,3957,True,76.66144443300072,2482,0.55,eebeb477446247f1b290dbf0e30b03a2,0.0,True,passed,0,blocked,amd_xdna2_npu2,,,,,,,solved,26121,True,offline-validated
IR revision 2,False,,577680,intel_openvino,1,5888,1,1,True,1.472268700999848,True,1,1,0,not_requested,0,0,30.262129079997976,1.5966390009998577,2,20260911T034836Z,,12,passed,21210,True,,,triton_fused_softmax,22441,2,10,structured_ir,True,12,passed,completed,1231,True,27.063612156998715,652,0.55,819de687cfcf46e9baec0def5769e91e,0.0,True,passed,0,blocked,intel_npu_4000,,,,,,,solved,22441,True,offline-validated
IR revision 2,False,True,1278036,amd_xdna2,3,17664,3,3,True,4.631069677994674,True,3,3,12,passed,2,0,283.96557187299913,6.760569832003966,2,20260911T034836Z,,12,passed,59393,,,,triton_layer_norm,74017,4,10,structured_ir,True,12,passed,completed,14624,True,272.36299851600415,7058,0.55,17f783052efa46e1b04e24d7f5f931c3,0.0,True,passed,0,blocked,amd_xdna2_npu2,,,,,,,solved,74017,True,offline-validated
IR revision 2,False,,612459,intel_openvino,1,5888,1,1,True,1.2711027240038675,True,1,1,0,not_requested,0,0,63.730418204999296,1.398447296996892,2,20260911T034836Z,,12,passed,23180,True,,,triton_layer_norm,26289,2,10,structured_ir,True,12,passed,completed,3109,True,60.914223528998264,1347,0.55,3d3261eae7d74cf3834cc3fd1185c5c1,0.0,True,passed,0,blocked,intel_npu_4000,,,,,,,solved,26289,True,offline-validated
